{
    "DES": {
        "endpoint01": "https://url-do-seu-backend.bvnet.bv",
        "valor_exemplo": 10,
        "analytics": {
            "url": "https://url-do-seu-analytics",
            "chave": "UA-XXXXX-10"
        }
    },
    "QA": {
        "endpoint01": "https://url-do-seu-backend.bvnet.bv",
        "valor_exemplo": 20,
        "analytics": {
            "url": "https://url-do-seu-analytics",
            "chave": "UA-XXXXX-10"
        }
    },
    "UAT": {
        "endpoint01": "https://url-do-seu-backend.bvnet.bv",
        "valor_exemplo": 30,
        "analytics": {
            "url": "https://url-do-seu-analytics",
            "chave": "UA-XXXXX-10"
        }
    },
    "PRD": {
        "endpoint01": "https://url-do-seu-backend.bvnet.bv",
        "valor_exemplo": 40,
        "analytics": {
            "url": "https://url-do-seu-analytics",
            "chave": "UA-XXXXX-10"
        },
        "sitemap": {
            "hostname": "",
            "folder": ""
        }
    }
}
