{
  "clientes": [
    {
      "id": 1,
      "nome": "Pedro da Silva",
      "email": "pedro.da.silva@bancovotorantim.com.br",
      "dataNascimento": "10/10/1987",
      "estadoCivil": "Solteiro",
      "sexo": "M"
    },
    {
      "id": 2,
      "nome": "Melissa Souza",
      "email": "melissa.souza@bancovotorantim.com.br",
      "dataNascimento": "24/05/1983",
      "estadoCivil": "Casado",
      "sexo": "F"
    }
  ],
  "estadoCivil": [
    {
      "id": 1,
      "nome": "Solteiro"
    },
    {
      "id": 2,
      "nome": "Casado"
    },
    {
      "id": 3,
      "nome": "Divorciado"
    }
  ],
  "roles": {
    "roles": ["ESTAG", "ADMIN", "FUNC", "USER"]
  },
  "userAndRoles": {
    "roles": ["ESTAG", "ADMIN", "FUNC", "USER"],
    "name": "username"
  },
  "status": {
    "json-server": "ok"
  },
  "semToken": {},
  "logout": {},
  "log": [
    {
      "id": 1,
      "apiError": "",
      "message": "AppComponent:ngOnInit - Teste log",
      "logLevel": "INFO",
      "dateTime": "2018-10-08T18:05:04.142Z",
      "hostname": "localhost",
      "href": "http://localhost:4200/",
      "navigatorInfo": "undefinedvendorSub:\"\"\nproductSub:\"20030107\"\nvendor:\"Google Inc.\"\nmaxTouchPoints:0\nhardwareConcurrency:4\ncookieEnabled:true\nappCodeName:\"Mozilla\"\nappName:\"Netscape\"\nappVersion:\"5.0 (Windows NT 10.0; WOW64) AppleWebKit/537.36 (KHTML, like Gecko) Chrome/69.0.3497.100 Safari/537.36\"\nplatform:\"Win32\"\nproduct:\"Gecko\"\nuserAgent:\"Mozilla/5.0 (Windows NT 10.0; WOW64) AppleWebKit/537.36 (KHTML, like Gecko) Chrome/69.0.3497.100 Safari/537.36\"\nlanguage:\"en-US\"\nlanguages:[\"en-US\",\"en\",\"pt\"]\nonLine:true\ndoNotTrack:null\ngeolocation:{}\nmediaDevices:{}\nconnection:{}\nplugins:{\"0\":{\"0\":{}},\"1\":{\"0\":{}},\"2\":{\"0\":{},\"1\":{}}}\nmimeTypes:{\"0\":{},\"1\":{},\"2\":{},\"3\":{}}\nwebkitTemporaryStorage:{}\nwebkitPersistentStorage:{}\ngetBattery:undefined\nsendBeacon:undefined\ngetGamepads:undefined\ngetUserMedia:undefined\nwebkitGetUserMedia:undefined\njavaEnabled:undefined\nvibrate:undefined\nrequestMIDIAccess:undefined\nbudget:{}\npermissions:{}\npresentation:{}\nregisterProtocolHandler:undefined\nunregisterProtocolHandler:undefined\ndeviceMemory:8\nclipboard:{}\ncredentials:{}\nkeyboard:{}\nserviceWorker:{}\nstorage:{}\nlocks:{}\nusb:{}\nrequestMediaKeySystemAccess:undefined\nmediaCapabilities:{}\n"
    }
  ]
}
