{
  "clientes": [
    {
      "id": 1,
      "nome": "Pedro da Silva",
      "email": "pedro.da.silva@bancovotorantim.com.br",
      "dataNascimento": "10/10/1987",
      "estadoCivil": "Solteiro",
      "sexo": "M"
    },
    {
      "id": 2,
      "nome": "Melissa Souza",
      "email": "melissa.souza@bancovotorantim.com.br",
      "dataNascimento": "24/05/1983",
      "estadoCivil": "Casado",
      "sexo": "F"
    }
  ],
  "estadoCivil": [
    {
      "id": 1,
      "nome": "Solteiro"
    },
    {
      "id": 2,
      "nome": "Casado"
    },
    {
      "id": 3,
      "nome": "Divorciado"
    }
  ],
  "roles": {
    "roles": [
      "ESTAG",
      "ADMIN",
      "FUNC",
      "USER"
    ]
  },
  "userAndRoles": {
    "roles": [
      "ESTAG",
      "ADMIN",
      "FUNC",
      "USER"
    ],
    "name": "username"
  },
  "status": {
    "json-server": "ok"
  },
  "semToken": {},
  "logout": {},
  "log": [
    {
      "id": 1,
      "apiError": "",
      "message": "AppComponent:ngOnInit - Teste log",
      "logLevel": "INFO",
      "dateTime": "2018-10-08T18:05:04.142Z",
      "hostname": "localhost",
      "href": "http://localhost:4200/",
      "navigatorInfo": "undefinedvendorSub:\"\"\nproductSub:\"20030107\"\nvendor:\"Google Inc.\"\nmaxTouchPoints:0\nhardwareConcurrency:4\ncookieEnabled:true\nappCodeName:\"Mozilla\"\nappName:\"Netscape\"\nappVersion:\"5.0 (Windows NT 10.0; WOW64) AppleWebKit/537.36 (KHTML, like Gecko) Chrome/69.0.3497.100 Safari/537.36\"\nplatform:\"Win32\"\nproduct:\"Gecko\"\nuserAgent:\"Mozilla/5.0 (Windows NT 10.0; WOW64) AppleWebKit/537.36 (KHTML, like Gecko) Chrome/69.0.3497.100 Safari/537.36\"\nlanguage:\"en-US\"\nlanguages:[\"en-US\",\"en\",\"pt\"]\nonLine:true\ndoNotTrack:null\ngeolocation:{}\nmediaDevices:{}\nconnection:{}\nplugins:{\"0\":{\"0\":{}},\"1\":{\"0\":{}},\"2\":{\"0\":{},\"1\":{}}}\nmimeTypes:{\"0\":{},\"1\":{},\"2\":{},\"3\":{}}\nwebkitTemporaryStorage:{}\nwebkitPersistentStorage:{}\ngetBattery:undefined\nsendBeacon:undefined\ngetGamepads:undefined\ngetUserMedia:undefined\nwebkitGetUserMedia:undefined\njavaEnabled:undefined\nvibrate:undefined\nrequestMIDIAccess:undefined\nbudget:{}\npermissions:{}\npresentation:{}\nregisterProtocolHandler:undefined\nunregisterProtocolHandler:undefined\ndeviceMemory:8\nclipboard:{}\ncredentials:{}\nkeyboard:{}\nserviceWorker:{}\nstorage:{}\nlocks:{}\nusb:{}\nrequestMediaKeySystemAccess:undefined\nmediaCapabilities:{}\n"
    },
    [
      {
        "apiError": "",
        "message": "AppComponent:ngOnInit - Teste log",
        "logLevel": "INFO",
        "dateTime": "2024-12-20T12:56:25.167Z",
        "hostname": "localhost",
        "href": "http%3A%2F%2Flocalhost%3A4200%2Fcontracts",
        "navigatorInfo": "undefinedvendorSub:\"\"\nproductSub:\"20030107\"\nvendor:\"Google Inc.\"\nmaxTouchPoints:0\nscheduling:{}\nuserActivation:{}\ndoNotTrack:null\ngeolocation:{}\nconnection:{}\nplugins:{\"0\":{\"0\":{},\"1\":{}},\"1\":{\"0\":{},\"1\":{}},\"2\":{\"0\":{},\"1\":{}},\"3\":{\"0\":{},\"1\":{}},\"4\":{\"0\":{},\"1\":{}}}\nmimeTypes:{\"0\":{},\"1\":{}}\npdfViewerEnabled:true\nwebkitTemporaryStorage:{}\nwebkitPersistentStorage:{}\nwindowControlsOverlay:{}\nhardwareConcurrency:6\ncookieEnabled:true\nappCodeName:\"Mozilla\"\nappName:\"Netscape\"\nappVersion:\"5.0 (Windows NT 10.0; Win64; x64) AppleWebKit/537.36 (KHTML, like Gecko) Chrome/131.0.0.0 Safari/537.36\"\nplatform:\"Win32\"\nproduct:\"Gecko\"\nuserAgent:\"Mozilla/5.0 (Windows NT 10.0; Win64; x64) AppleWebKit/537.36 (KHTML, like Gecko) Chrome/131.0.0.0 Safari/537.36\"\nlanguage:\"pt-BR\"\nlanguages:[\"pt-BR\",\"pt\",\"en-US\",\"en\"]\nonLine:true\nwebdriver:false\ngetGamepads:undefined\njavaEnabled:undefined\nsendBeacon:undefined\nvibrate:undefined\ndeprecatedRunAdAuctionEnforcesKAnonymity:true\nprotectedAudience:{}\nbluetooth:{}\nstorageBuckets:{}\nclipboard:{}\ncredentials:{}\nkeyboard:{}\nmanaged:{}\nmediaDevices:{}\nstorage:{}\nserviceWorker:{}\nvirtualKeyboard:{}\nwakeLock:{}\ndeviceMemory:8\nuserAgentData:{\"brands\":[{\"brand\":\"Google Chrome\",\"version\":\"131\"},{\"brand\":\"Chromium\",\"version\":\"131\"},{\"brand\":\"Not_A Brand\",\"version\":\"24\"}],\"mobile\":false,\"platform\":\"Windows\"}\nlogin:{}\nink:{}\nmediaCapabilities:{}\nhid:{}\nlocks:{}\ngpu:{}\nmediaSession:{}\npermissions:{}\npresentation:{}\nusb:{}\nxr:{}\nserial:{}\nadAuctionComponents:undefined\nrunAdAuction:undefined\ncanLoadAdAuctionFencedFrame:undefined\ncanShare:undefined\nshare:undefined\nclearAppBadge:undefined\ngetBattery:undefined\ngetUserMedia:undefined\nrequestMIDIAccess:undefined\nrequestMediaKeySystemAccess:undefined\nsetAppBadge:undefined\nwebkitGetUserMedia:undefined\nclearOriginJoinedAdInterestGroups:undefined\ncreateAuctionNonce:undefined\njoinAdInterestGroup:undefined\nleaveAdInterestGroup:undefined\nupdateAdInterestGroups:undefined\ndeprecatedReplaceInURN:undefined\ndeprecatedURNToURL:undefined\ngetInstalledRelatedApps:undefined\ngetInterestGroupAdAuctionData:undefined\nregisterProtocolHandler:undefined\nunregisterProtocolHandler:undefined\n"
      }
    ],
    [
      {
        "apiError": "",
        "message": "AppComponent:ngOnInit - Teste log",
        "logLevel": "INFO",
        "dateTime": "2024-12-20T13:04:45.594Z",
        "hostname": "localhost",
        "href": "http%3A%2F%2Flocalhost%3A4200%2Fcontracts",
        "navigatorInfo": "undefinedvendorSub:\"\"\nproductSub:\"20030107\"\nvendor:\"Google Inc.\"\nmaxTouchPoints:0\nscheduling:{}\nuserActivation:{}\ndoNotTrack:null\ngeolocation:{}\nconnection:{}\nplugins:{\"0\":{\"0\":{},\"1\":{}},\"1\":{\"0\":{},\"1\":{}},\"2\":{\"0\":{},\"1\":{}},\"3\":{\"0\":{},\"1\":{}},\"4\":{\"0\":{},\"1\":{}}}\nmimeTypes:{\"0\":{},\"1\":{}}\npdfViewerEnabled:true\nwebkitTemporaryStorage:{}\nwebkitPersistentStorage:{}\nwindowControlsOverlay:{}\nhardwareConcurrency:6\ncookieEnabled:true\nappCodeName:\"Mozilla\"\nappName:\"Netscape\"\nappVersion:\"5.0 (Windows NT 10.0; Win64; x64) AppleWebKit/537.36 (KHTML, like Gecko) Chrome/131.0.0.0 Safari/537.36\"\nplatform:\"Win32\"\nproduct:\"Gecko\"\nuserAgent:\"Mozilla/5.0 (Windows NT 10.0; Win64; x64) AppleWebKit/537.36 (KHTML, like Gecko) Chrome/131.0.0.0 Safari/537.36\"\nlanguage:\"pt-BR\"\nlanguages:[\"pt-BR\",\"pt\",\"en-US\",\"en\"]\nonLine:true\nwebdriver:false\ngetGamepads:undefined\njavaEnabled:undefined\nsendBeacon:undefined\nvibrate:undefined\ndeprecatedRunAdAuctionEnforcesKAnonymity:true\nprotectedAudience:{}\nbluetooth:{}\nstorageBuckets:{}\nclipboard:{}\ncredentials:{}\nkeyboard:{}\nmanaged:{}\nmediaDevices:{}\nstorage:{}\nserviceWorker:{}\nvirtualKeyboard:{}\nwakeLock:{}\ndeviceMemory:8\nuserAgentData:{\"brands\":[{\"brand\":\"Google Chrome\",\"version\":\"131\"},{\"brand\":\"Chromium\",\"version\":\"131\"},{\"brand\":\"Not_A Brand\",\"version\":\"24\"}],\"mobile\":false,\"platform\":\"Windows\"}\nlogin:{}\nink:{}\nmediaCapabilities:{}\nhid:{}\nlocks:{}\ngpu:{}\nmediaSession:{}\npermissions:{}\npresentation:{}\nusb:{}\nxr:{}\nserial:{}\nadAuctionComponents:undefined\nrunAdAuction:undefined\ncanLoadAdAuctionFencedFrame:undefined\ncanShare:undefined\nshare:undefined\nclearAppBadge:undefined\ngetBattery:undefined\ngetUserMedia:undefined\nrequestMIDIAccess:undefined\nrequestMediaKeySystemAccess:undefined\nsetAppBadge:undefined\nwebkitGetUserMedia:undefined\nclearOriginJoinedAdInterestGroups:undefined\ncreateAuctionNonce:undefined\njoinAdInterestGroup:undefined\nleaveAdInterestGroup:undefined\nupdateAdInterestGroups:undefined\ndeprecatedReplaceInURN:undefined\ndeprecatedURNToURL:undefined\ngetInstalledRelatedApps:undefined\ngetInterestGroupAdAuctionData:undefined\nregisterProtocolHandler:undefined\nunregisterProtocolHandler:undefined\n"
      }
    ],
    [
      {
        "apiError": "",
        "message": "AppComponent:ngOnInit - Teste log",
        "logLevel": "INFO",
        "dateTime": "2024-12-20T13:07:02.288Z",
        "hostname": "localhost",
        "href": "http%3A%2F%2Flocalhost%3A4200%2Fcontracts",
        "navigatorInfo": "undefinedvendorSub:\"\"\nproductSub:\"20030107\"\nvendor:\"Google Inc.\"\nmaxTouchPoints:0\nscheduling:{}\nuserActivation:{}\ndoNotTrack:null\ngeolocation:{}\nconnection:{}\nplugins:{\"0\":{\"0\":{},\"1\":{}},\"1\":{\"0\":{},\"1\":{}},\"2\":{\"0\":{},\"1\":{}},\"3\":{\"0\":{},\"1\":{}},\"4\":{\"0\":{},\"1\":{}}}\nmimeTypes:{\"0\":{},\"1\":{}}\npdfViewerEnabled:true\nwebkitTemporaryStorage:{}\nwebkitPersistentStorage:{}\nwindowControlsOverlay:{}\nhardwareConcurrency:6\ncookieEnabled:true\nappCodeName:\"Mozilla\"\nappName:\"Netscape\"\nappVersion:\"5.0 (Windows NT 10.0; Win64; x64) AppleWebKit/537.36 (KHTML, like Gecko) Chrome/131.0.0.0 Safari/537.36\"\nplatform:\"Win32\"\nproduct:\"Gecko\"\nuserAgent:\"Mozilla/5.0 (Windows NT 10.0; Win64; x64) AppleWebKit/537.36 (KHTML, like Gecko) Chrome/131.0.0.0 Safari/537.36\"\nlanguage:\"pt-BR\"\nlanguages:[\"pt-BR\",\"pt\",\"en-US\",\"en\"]\nonLine:true\nwebdriver:false\ngetGamepads:undefined\njavaEnabled:undefined\nsendBeacon:undefined\nvibrate:undefined\ndeprecatedRunAdAuctionEnforcesKAnonymity:true\nprotectedAudience:{}\nbluetooth:{}\nstorageBuckets:{}\nclipboard:{}\ncredentials:{}\nkeyboard:{}\nmanaged:{}\nmediaDevices:{}\nstorage:{}\nserviceWorker:{}\nvirtualKeyboard:{}\nwakeLock:{}\ndeviceMemory:8\nuserAgentData:{\"brands\":[{\"brand\":\"Google Chrome\",\"version\":\"131\"},{\"brand\":\"Chromium\",\"version\":\"131\"},{\"brand\":\"Not_A Brand\",\"version\":\"24\"}],\"mobile\":false,\"platform\":\"Windows\"}\nlogin:{}\nink:{}\nmediaCapabilities:{}\nhid:{}\nlocks:{}\ngpu:{}\nmediaSession:{}\npermissions:{}\npresentation:{}\nusb:{}\nxr:{}\nserial:{}\nadAuctionComponents:undefined\nrunAdAuction:undefined\ncanLoadAdAuctionFencedFrame:undefined\ncanShare:undefined\nshare:undefined\nclearAppBadge:undefined\ngetBattery:undefined\ngetUserMedia:undefined\nrequestMIDIAccess:undefined\nrequestMediaKeySystemAccess:undefined\nsetAppBadge:undefined\nwebkitGetUserMedia:undefined\nclearOriginJoinedAdInterestGroups:undefined\ncreateAuctionNonce:undefined\njoinAdInterestGroup:undefined\nleaveAdInterestGroup:undefined\nupdateAdInterestGroups:undefined\ndeprecatedReplaceInURN:undefined\ndeprecatedURNToURL:undefined\ngetInstalledRelatedApps:undefined\ngetInterestGroupAdAuctionData:undefined\nregisterProtocolHandler:undefined\nunregisterProtocolHandler:undefined\n"
      }
    ],
    [
      {
        "apiError": "",
        "message": "AppComponent:ngOnInit - Teste log",
        "logLevel": "INFO",
        "dateTime": "2024-12-20T13:09:05.180Z",
        "hostname": "localhost",
        "href": "http%3A%2F%2Flocalhost%3A4200%2Fcontracts",
        "navigatorInfo": "undefinedvendorSub:\"\"\nproductSub:\"20030107\"\nvendor:\"Google Inc.\"\nmaxTouchPoints:0\nscheduling:{}\nuserActivation:{}\ndoNotTrack:null\ngeolocation:{}\nconnection:{}\nplugins:{\"0\":{\"0\":{},\"1\":{}},\"1\":{\"0\":{},\"1\":{}},\"2\":{\"0\":{},\"1\":{}},\"3\":{\"0\":{},\"1\":{}},\"4\":{\"0\":{},\"1\":{}}}\nmimeTypes:{\"0\":{},\"1\":{}}\npdfViewerEnabled:true\nwebkitTemporaryStorage:{}\nwebkitPersistentStorage:{}\nwindowControlsOverlay:{}\nhardwareConcurrency:6\ncookieEnabled:true\nappCodeName:\"Mozilla\"\nappName:\"Netscape\"\nappVersion:\"5.0 (Windows NT 10.0; Win64; x64) AppleWebKit/537.36 (KHTML, like Gecko) Chrome/131.0.0.0 Safari/537.36\"\nplatform:\"Win32\"\nproduct:\"Gecko\"\nuserAgent:\"Mozilla/5.0 (Windows NT 10.0; Win64; x64) AppleWebKit/537.36 (KHTML, like Gecko) Chrome/131.0.0.0 Safari/537.36\"\nlanguage:\"pt-BR\"\nlanguages:[\"pt-BR\",\"pt\",\"en-US\",\"en\"]\nonLine:true\nwebdriver:false\ngetGamepads:undefined\njavaEnabled:undefined\nsendBeacon:undefined\nvibrate:undefined\ndeprecatedRunAdAuctionEnforcesKAnonymity:true\nprotectedAudience:{}\nbluetooth:{}\nstorageBuckets:{}\nclipboard:{}\ncredentials:{}\nkeyboard:{}\nmanaged:{}\nmediaDevices:{}\nstorage:{}\nserviceWorker:{}\nvirtualKeyboard:{}\nwakeLock:{}\ndeviceMemory:8\nuserAgentData:{\"brands\":[{\"brand\":\"Google Chrome\",\"version\":\"131\"},{\"brand\":\"Chromium\",\"version\":\"131\"},{\"brand\":\"Not_A Brand\",\"version\":\"24\"}],\"mobile\":false,\"platform\":\"Windows\"}\nlogin:{}\nink:{}\nmediaCapabilities:{}\nhid:{}\nlocks:{}\ngpu:{}\nmediaSession:{}\npermissions:{}\npresentation:{}\nusb:{}\nxr:{}\nserial:{}\nadAuctionComponents:undefined\nrunAdAuction:undefined\ncanLoadAdAuctionFencedFrame:undefined\ncanShare:undefined\nshare:undefined\nclearAppBadge:undefined\ngetBattery:undefined\ngetUserMedia:undefined\nrequestMIDIAccess:undefined\nrequestMediaKeySystemAccess:undefined\nsetAppBadge:undefined\nwebkitGetUserMedia:undefined\nclearOriginJoinedAdInterestGroups:undefined\ncreateAuctionNonce:undefined\njoinAdInterestGroup:undefined\nleaveAdInterestGroup:undefined\nupdateAdInterestGroups:undefined\ndeprecatedReplaceInURN:undefined\ndeprecatedURNToURL:undefined\ngetInstalledRelatedApps:undefined\ngetInterestGroupAdAuctionData:undefined\nregisterProtocolHandler:undefined\nunregisterProtocolHandler:undefined\n"
      }
    ],
    [
      {
        "apiError": "",
        "message": "AppComponent:ngOnInit - Teste log",
        "logLevel": "INFO",
        "dateTime": "2024-12-20T13:35:01.899Z",
        "hostname": "localhost",
        "href": "http%3A%2F%2Flocalhost%3A4200%2Fcontracts",
        "navigatorInfo": "undefinedvendorSub:\"\"\nproductSub:\"20030107\"\nvendor:\"Google Inc.\"\nmaxTouchPoints:0\nscheduling:{}\nuserActivation:{}\ndoNotTrack:null\ngeolocation:{}\nconnection:{}\nplugins:{\"0\":{\"0\":{},\"1\":{}},\"1\":{\"0\":{},\"1\":{}},\"2\":{\"0\":{},\"1\":{}},\"3\":{\"0\":{},\"1\":{}},\"4\":{\"0\":{},\"1\":{}}}\nmimeTypes:{\"0\":{},\"1\":{}}\npdfViewerEnabled:true\nwebkitTemporaryStorage:{}\nwebkitPersistentStorage:{}\nwindowControlsOverlay:{}\nhardwareConcurrency:6\ncookieEnabled:true\nappCodeName:\"Mozilla\"\nappName:\"Netscape\"\nappVersion:\"5.0 (Windows NT 10.0; Win64; x64) AppleWebKit/537.36 (KHTML, like Gecko) Chrome/131.0.0.0 Safari/537.36\"\nplatform:\"Win32\"\nproduct:\"Gecko\"\nuserAgent:\"Mozilla/5.0 (Windows NT 10.0; Win64; x64) AppleWebKit/537.36 (KHTML, like Gecko) Chrome/131.0.0.0 Safari/537.36\"\nlanguage:\"pt-BR\"\nlanguages:[\"pt-BR\",\"pt\",\"en-US\",\"en\"]\nonLine:true\nwebdriver:false\ngetGamepads:undefined\njavaEnabled:undefined\nsendBeacon:undefined\nvibrate:undefined\ndeprecatedRunAdAuctionEnforcesKAnonymity:true\nprotectedAudience:{}\nbluetooth:{}\nstorageBuckets:{}\nclipboard:{}\ncredentials:{}\nkeyboard:{}\nmanaged:{}\nmediaDevices:{}\nstorage:{}\nserviceWorker:{}\nvirtualKeyboard:{}\nwakeLock:{}\ndeviceMemory:8\nuserAgentData:{\"brands\":[{\"brand\":\"Google Chrome\",\"version\":\"131\"},{\"brand\":\"Chromium\",\"version\":\"131\"},{\"brand\":\"Not_A Brand\",\"version\":\"24\"}],\"mobile\":false,\"platform\":\"Windows\"}\nlogin:{}\nink:{}\nmediaCapabilities:{}\nhid:{}\nlocks:{}\ngpu:{}\nmediaSession:{}\npermissions:{}\npresentation:{}\nusb:{}\nxr:{}\nserial:{}\nadAuctionComponents:undefined\nrunAdAuction:undefined\ncanLoadAdAuctionFencedFrame:undefined\ncanShare:undefined\nshare:undefined\nclearAppBadge:undefined\ngetBattery:undefined\ngetUserMedia:undefined\nrequestMIDIAccess:undefined\nrequestMediaKeySystemAccess:undefined\nsetAppBadge:undefined\nwebkitGetUserMedia:undefined\nclearOriginJoinedAdInterestGroups:undefined\ncreateAuctionNonce:undefined\njoinAdInterestGroup:undefined\nleaveAdInterestGroup:undefined\nupdateAdInterestGroups:undefined\ndeprecatedReplaceInURN:undefined\ndeprecatedURNToURL:undefined\ngetInstalledRelatedApps:undefined\ngetInterestGroupAdAuctionData:undefined\nregisterProtocolHandler:undefined\nunregisterProtocolHandler:undefined\n"
      }
    ],
    [
      {
        "apiError": "",
        "message": "AppComponent:ngOnInit - Teste log",
        "logLevel": "INFO",
        "dateTime": "2024-12-20T13:42:29.761Z",
        "hostname": "localhost",
        "href": "http%3A%2F%2Flocalhost%3A4200%2Fcontracts",
        "navigatorInfo": "undefinedvendorSub:\"\"\nproductSub:\"20030107\"\nvendor:\"Google Inc.\"\nmaxTouchPoints:0\nscheduling:{}\nuserActivation:{}\ndoNotTrack:null\ngeolocation:{}\nconnection:{}\nplugins:{\"0\":{\"0\":{},\"1\":{}},\"1\":{\"0\":{},\"1\":{}},\"2\":{\"0\":{},\"1\":{}},\"3\":{\"0\":{},\"1\":{}},\"4\":{\"0\":{},\"1\":{}}}\nmimeTypes:{\"0\":{},\"1\":{}}\npdfViewerEnabled:true\nwebkitTemporaryStorage:{}\nwebkitPersistentStorage:{}\nwindowControlsOverlay:{}\nhardwareConcurrency:6\ncookieEnabled:true\nappCodeName:\"Mozilla\"\nappName:\"Netscape\"\nappVersion:\"5.0 (Windows NT 10.0; Win64; x64) AppleWebKit/537.36 (KHTML, like Gecko) Chrome/131.0.0.0 Safari/537.36\"\nplatform:\"Win32\"\nproduct:\"Gecko\"\nuserAgent:\"Mozilla/5.0 (Windows NT 10.0; Win64; x64) AppleWebKit/537.36 (KHTML, like Gecko) Chrome/131.0.0.0 Safari/537.36\"\nlanguage:\"pt-BR\"\nlanguages:[\"pt-BR\",\"pt\",\"en-US\",\"en\"]\nonLine:true\nwebdriver:false\ngetGamepads:undefined\njavaEnabled:undefined\nsendBeacon:undefined\nvibrate:undefined\ndeprecatedRunAdAuctionEnforcesKAnonymity:true\nprotectedAudience:{}\nbluetooth:{}\nstorageBuckets:{}\nclipboard:{}\ncredentials:{}\nkeyboard:{}\nmanaged:{}\nmediaDevices:{}\nstorage:{}\nserviceWorker:{}\nvirtualKeyboard:{}\nwakeLock:{}\ndeviceMemory:8\nuserAgentData:{\"brands\":[{\"brand\":\"Google Chrome\",\"version\":\"131\"},{\"brand\":\"Chromium\",\"version\":\"131\"},{\"brand\":\"Not_A Brand\",\"version\":\"24\"}],\"mobile\":false,\"platform\":\"Windows\"}\nlogin:{}\nink:{}\nmediaCapabilities:{}\nhid:{}\nlocks:{}\ngpu:{}\nmediaSession:{}\npermissions:{}\npresentation:{}\nusb:{}\nxr:{}\nserial:{}\nadAuctionComponents:undefined\nrunAdAuction:undefined\ncanLoadAdAuctionFencedFrame:undefined\ncanShare:undefined\nshare:undefined\nclearAppBadge:undefined\ngetBattery:undefined\ngetUserMedia:undefined\nrequestMIDIAccess:undefined\nrequestMediaKeySystemAccess:undefined\nsetAppBadge:undefined\nwebkitGetUserMedia:undefined\nclearOriginJoinedAdInterestGroups:undefined\ncreateAuctionNonce:undefined\njoinAdInterestGroup:undefined\nleaveAdInterestGroup:undefined\nupdateAdInterestGroups:undefined\ndeprecatedReplaceInURN:undefined\ndeprecatedURNToURL:undefined\ngetInstalledRelatedApps:undefined\ngetInterestGroupAdAuctionData:undefined\nregisterProtocolHandler:undefined\nunregisterProtocolHandler:undefined\n"
      }
    ],
    [
      {
        "apiError": "",
        "message": "AppComponent:ngOnInit - Teste log",
        "logLevel": "INFO",
        "dateTime": "2024-12-20T13:43:16.232Z",
        "hostname": "localhost",
        "href": "http%3A%2F%2Flocalhost%3A4200%2Fcontracts",
        "navigatorInfo": "undefinedvendorSub:\"\"\nproductSub:\"20030107\"\nvendor:\"Google Inc.\"\nmaxTouchPoints:0\nscheduling:{}\nuserActivation:{}\ndoNotTrack:null\ngeolocation:{}\nconnection:{}\nplugins:{\"0\":{\"0\":{},\"1\":{}},\"1\":{\"0\":{},\"1\":{}},\"2\":{\"0\":{},\"1\":{}},\"3\":{\"0\":{},\"1\":{}},\"4\":{\"0\":{},\"1\":{}}}\nmimeTypes:{\"0\":{},\"1\":{}}\npdfViewerEnabled:true\nwebkitTemporaryStorage:{}\nwebkitPersistentStorage:{}\nwindowControlsOverlay:{}\nhardwareConcurrency:6\ncookieEnabled:true\nappCodeName:\"Mozilla\"\nappName:\"Netscape\"\nappVersion:\"5.0 (Windows NT 10.0; Win64; x64) AppleWebKit/537.36 (KHTML, like Gecko) Chrome/131.0.0.0 Safari/537.36\"\nplatform:\"Win32\"\nproduct:\"Gecko\"\nuserAgent:\"Mozilla/5.0 (Windows NT 10.0; Win64; x64) AppleWebKit/537.36 (KHTML, like Gecko) Chrome/131.0.0.0 Safari/537.36\"\nlanguage:\"pt-BR\"\nlanguages:[\"pt-BR\",\"pt\",\"en-US\",\"en\"]\nonLine:true\nwebdriver:false\ngetGamepads:undefined\njavaEnabled:undefined\nsendBeacon:undefined\nvibrate:undefined\ndeprecatedRunAdAuctionEnforcesKAnonymity:true\nprotectedAudience:{}\nbluetooth:{}\nstorageBuckets:{}\nclipboard:{}\ncredentials:{}\nkeyboard:{}\nmanaged:{}\nmediaDevices:{}\nstorage:{}\nserviceWorker:{}\nvirtualKeyboard:{}\nwakeLock:{}\ndeviceMemory:8\nuserAgentData:{\"brands\":[{\"brand\":\"Google Chrome\",\"version\":\"131\"},{\"brand\":\"Chromium\",\"version\":\"131\"},{\"brand\":\"Not_A Brand\",\"version\":\"24\"}],\"mobile\":false,\"platform\":\"Windows\"}\nlogin:{}\nink:{}\nmediaCapabilities:{}\nhid:{}\nlocks:{}\ngpu:{}\nmediaSession:{}\npermissions:{}\npresentation:{}\nusb:{}\nxr:{}\nserial:{}\nadAuctionComponents:undefined\nrunAdAuction:undefined\ncanLoadAdAuctionFencedFrame:undefined\ncanShare:undefined\nshare:undefined\nclearAppBadge:undefined\ngetBattery:undefined\ngetUserMedia:undefined\nrequestMIDIAccess:undefined\nrequestMediaKeySystemAccess:undefined\nsetAppBadge:undefined\nwebkitGetUserMedia:undefined\nclearOriginJoinedAdInterestGroups:undefined\ncreateAuctionNonce:undefined\njoinAdInterestGroup:undefined\nleaveAdInterestGroup:undefined\nupdateAdInterestGroups:undefined\ndeprecatedReplaceInURN:undefined\ndeprecatedURNToURL:undefined\ngetInstalledRelatedApps:undefined\ngetInterestGroupAdAuctionData:undefined\nregisterProtocolHandler:undefined\nunregisterProtocolHandler:undefined\n"
      }
    ],
    [
      {
        "apiError": "",
        "message": "AppComponent:ngOnInit - Teste log",
        "logLevel": "INFO",
        "dateTime": "2024-12-20T13:51:19.499Z",
        "hostname": "localhost",
        "href": "http%3A%2F%2Flocalhost%3A4200%2Fcontracts",
        "navigatorInfo": "undefinedvendorSub:\"\"\nproductSub:\"20030107\"\nvendor:\"Google Inc.\"\nmaxTouchPoints:0\nscheduling:{}\nuserActivation:{}\ndoNotTrack:null\ngeolocation:{}\nconnection:{}\nplugins:{\"0\":{\"0\":{},\"1\":{}},\"1\":{\"0\":{},\"1\":{}},\"2\":{\"0\":{},\"1\":{}},\"3\":{\"0\":{},\"1\":{}},\"4\":{\"0\":{},\"1\":{}}}\nmimeTypes:{\"0\":{},\"1\":{}}\npdfViewerEnabled:true\nwebkitTemporaryStorage:{}\nwebkitPersistentStorage:{}\nwindowControlsOverlay:{}\nhardwareConcurrency:6\ncookieEnabled:true\nappCodeName:\"Mozilla\"\nappName:\"Netscape\"\nappVersion:\"5.0 (Windows NT 10.0; Win64; x64) AppleWebKit/537.36 (KHTML, like Gecko) Chrome/131.0.0.0 Safari/537.36\"\nplatform:\"Win32\"\nproduct:\"Gecko\"\nuserAgent:\"Mozilla/5.0 (Windows NT 10.0; Win64; x64) AppleWebKit/537.36 (KHTML, like Gecko) Chrome/131.0.0.0 Safari/537.36\"\nlanguage:\"pt-BR\"\nlanguages:[\"pt-BR\",\"pt\",\"en-US\",\"en\"]\nonLine:true\nwebdriver:false\ngetGamepads:undefined\njavaEnabled:undefined\nsendBeacon:undefined\nvibrate:undefined\ndeprecatedRunAdAuctionEnforcesKAnonymity:true\nprotectedAudience:{}\nbluetooth:{}\nstorageBuckets:{}\nclipboard:{}\ncredentials:{}\nkeyboard:{}\nmanaged:{}\nmediaDevices:{}\nstorage:{}\nserviceWorker:{}\nvirtualKeyboard:{}\nwakeLock:{}\ndeviceMemory:8\nuserAgentData:{\"brands\":[{\"brand\":\"Google Chrome\",\"version\":\"131\"},{\"brand\":\"Chromium\",\"version\":\"131\"},{\"brand\":\"Not_A Brand\",\"version\":\"24\"}],\"mobile\":false,\"platform\":\"Windows\"}\nlogin:{}\nink:{}\nmediaCapabilities:{}\nhid:{}\nlocks:{}\ngpu:{}\nmediaSession:{}\npermissions:{}\npresentation:{}\nusb:{}\nxr:{}\nserial:{}\nadAuctionComponents:undefined\nrunAdAuction:undefined\ncanLoadAdAuctionFencedFrame:undefined\ncanShare:undefined\nshare:undefined\nclearAppBadge:undefined\ngetBattery:undefined\ngetUserMedia:undefined\nrequestMIDIAccess:undefined\nrequestMediaKeySystemAccess:undefined\nsetAppBadge:undefined\nwebkitGetUserMedia:undefined\nclearOriginJoinedAdInterestGroups:undefined\ncreateAuctionNonce:undefined\njoinAdInterestGroup:undefined\nleaveAdInterestGroup:undefined\nupdateAdInterestGroups:undefined\ndeprecatedReplaceInURN:undefined\ndeprecatedURNToURL:undefined\ngetInstalledRelatedApps:undefined\ngetInterestGroupAdAuctionData:undefined\nregisterProtocolHandler:undefined\nunregisterProtocolHandler:undefined\n"
      }
    ],
    [
      {
        "apiError": "",
        "message": "AppComponent:ngOnInit - Teste log",
        "logLevel": "INFO",
        "dateTime": "2024-12-20T13:52:51.766Z",
        "hostname": "localhost",
        "href": "http%3A%2F%2Flocalhost%3A4200%2Fcontracts",
        "navigatorInfo": "undefinedvendorSub:\"\"\nproductSub:\"20030107\"\nvendor:\"Google Inc.\"\nmaxTouchPoints:0\nscheduling:{}\nuserActivation:{}\ndoNotTrack:null\ngeolocation:{}\nconnection:{}\nplugins:{\"0\":{\"0\":{},\"1\":{}},\"1\":{\"0\":{},\"1\":{}},\"2\":{\"0\":{},\"1\":{}},\"3\":{\"0\":{},\"1\":{}},\"4\":{\"0\":{},\"1\":{}}}\nmimeTypes:{\"0\":{},\"1\":{}}\npdfViewerEnabled:true\nwebkitTemporaryStorage:{}\nwebkitPersistentStorage:{}\nwindowControlsOverlay:{}\nhardwareConcurrency:6\ncookieEnabled:true\nappCodeName:\"Mozilla\"\nappName:\"Netscape\"\nappVersion:\"5.0 (Windows NT 10.0; Win64; x64) AppleWebKit/537.36 (KHTML, like Gecko) Chrome/131.0.0.0 Safari/537.36\"\nplatform:\"Win32\"\nproduct:\"Gecko\"\nuserAgent:\"Mozilla/5.0 (Windows NT 10.0; Win64; x64) AppleWebKit/537.36 (KHTML, like Gecko) Chrome/131.0.0.0 Safari/537.36\"\nlanguage:\"pt-BR\"\nlanguages:[\"pt-BR\",\"pt\",\"en-US\",\"en\"]\nonLine:true\nwebdriver:false\ngetGamepads:undefined\njavaEnabled:undefined\nsendBeacon:undefined\nvibrate:undefined\ndeprecatedRunAdAuctionEnforcesKAnonymity:true\nprotectedAudience:{}\nbluetooth:{}\nstorageBuckets:{}\nclipboard:{}\ncredentials:{}\nkeyboard:{}\nmanaged:{}\nmediaDevices:{}\nstorage:{}\nserviceWorker:{}\nvirtualKeyboard:{}\nwakeLock:{}\ndeviceMemory:8\nuserAgentData:{\"brands\":[{\"brand\":\"Google Chrome\",\"version\":\"131\"},{\"brand\":\"Chromium\",\"version\":\"131\"},{\"brand\":\"Not_A Brand\",\"version\":\"24\"}],\"mobile\":false,\"platform\":\"Windows\"}\nlogin:{}\nink:{}\nmediaCapabilities:{}\nhid:{}\nlocks:{}\ngpu:{}\nmediaSession:{}\npermissions:{}\npresentation:{}\nusb:{}\nxr:{}\nserial:{}\nadAuctionComponents:undefined\nrunAdAuction:undefined\ncanLoadAdAuctionFencedFrame:undefined\ncanShare:undefined\nshare:undefined\nclearAppBadge:undefined\ngetBattery:undefined\ngetUserMedia:undefined\nrequestMIDIAccess:undefined\nrequestMediaKeySystemAccess:undefined\nsetAppBadge:undefined\nwebkitGetUserMedia:undefined\nclearOriginJoinedAdInterestGroups:undefined\ncreateAuctionNonce:undefined\njoinAdInterestGroup:undefined\nleaveAdInterestGroup:undefined\nupdateAdInterestGroups:undefined\ndeprecatedReplaceInURN:undefined\ndeprecatedURNToURL:undefined\ngetInstalledRelatedApps:undefined\ngetInterestGroupAdAuctionData:undefined\nregisterProtocolHandler:undefined\nunregisterProtocolHandler:undefined\n"
      }
    ],
    [
      {
        "apiError": "",
        "message": "AppComponent:ngOnInit - Teste log",
        "logLevel": "INFO",
        "dateTime": "2024-12-20T14:15:51.593Z",
        "hostname": "localhost",
        "href": "http%3A%2F%2Flocalhost%3A4200%2Fcontracts",
        "navigatorInfo": "undefinedvendorSub:\"\"\nproductSub:\"20030107\"\nvendor:\"Google Inc.\"\nmaxTouchPoints:0\nscheduling:{}\nuserActivation:{}\ndoNotTrack:null\ngeolocation:{}\nconnection:{}\nplugins:{\"0\":{\"0\":{},\"1\":{}},\"1\":{\"0\":{},\"1\":{}},\"2\":{\"0\":{},\"1\":{}},\"3\":{\"0\":{},\"1\":{}},\"4\":{\"0\":{},\"1\":{}}}\nmimeTypes:{\"0\":{},\"1\":{}}\npdfViewerEnabled:true\nwebkitTemporaryStorage:{}\nwebkitPersistentStorage:{}\nwindowControlsOverlay:{}\nhardwareConcurrency:6\ncookieEnabled:true\nappCodeName:\"Mozilla\"\nappName:\"Netscape\"\nappVersion:\"5.0 (Windows NT 10.0; Win64; x64) AppleWebKit/537.36 (KHTML, like Gecko) Chrome/131.0.0.0 Safari/537.36\"\nplatform:\"Win32\"\nproduct:\"Gecko\"\nuserAgent:\"Mozilla/5.0 (Windows NT 10.0; Win64; x64) AppleWebKit/537.36 (KHTML, like Gecko) Chrome/131.0.0.0 Safari/537.36\"\nlanguage:\"pt-BR\"\nlanguages:[\"pt-BR\",\"pt\",\"en-US\",\"en\"]\nonLine:true\nwebdriver:false\ngetGamepads:undefined\njavaEnabled:undefined\nsendBeacon:undefined\nvibrate:undefined\ndeprecatedRunAdAuctionEnforcesKAnonymity:true\nprotectedAudience:{}\nbluetooth:{}\nstorageBuckets:{}\nclipboard:{}\ncredentials:{}\nkeyboard:{}\nmanaged:{}\nmediaDevices:{}\nstorage:{}\nserviceWorker:{}\nvirtualKeyboard:{}\nwakeLock:{}\ndeviceMemory:8\nuserAgentData:{\"brands\":[{\"brand\":\"Google Chrome\",\"version\":\"131\"},{\"brand\":\"Chromium\",\"version\":\"131\"},{\"brand\":\"Not_A Brand\",\"version\":\"24\"}],\"mobile\":false,\"platform\":\"Windows\"}\nlogin:{}\nink:{}\nmediaCapabilities:{}\nhid:{}\nlocks:{}\ngpu:{}\nmediaSession:{}\npermissions:{}\npresentation:{}\nusb:{}\nxr:{}\nserial:{}\nadAuctionComponents:undefined\nrunAdAuction:undefined\ncanLoadAdAuctionFencedFrame:undefined\ncanShare:undefined\nshare:undefined\nclearAppBadge:undefined\ngetBattery:undefined\ngetUserMedia:undefined\nrequestMIDIAccess:undefined\nrequestMediaKeySystemAccess:undefined\nsetAppBadge:undefined\nwebkitGetUserMedia:undefined\nclearOriginJoinedAdInterestGroups:undefined\ncreateAuctionNonce:undefined\njoinAdInterestGroup:undefined\nleaveAdInterestGroup:undefined\nupdateAdInterestGroups:undefined\ndeprecatedReplaceInURN:undefined\ndeprecatedURNToURL:undefined\ngetInstalledRelatedApps:undefined\ngetInterestGroupAdAuctionData:undefined\nregisterProtocolHandler:undefined\nunregisterProtocolHandler:undefined\n"
      }
    ],
    [
      {
        "apiError": "",
        "message": "AppComponent:ngOnInit - Teste log",
        "logLevel": "INFO",
        "dateTime": "2024-12-20T14:17:12.840Z",
        "hostname": "localhost",
        "href": "http%3A%2F%2Flocalhost%3A4200%2Fcontracts",
        "navigatorInfo": "undefinedvendorSub:\"\"\nproductSub:\"20030107\"\nvendor:\"Google Inc.\"\nmaxTouchPoints:0\nscheduling:{}\nuserActivation:{}\ndoNotTrack:null\ngeolocation:{}\nconnection:{}\nplugins:{\"0\":{\"0\":{},\"1\":{}},\"1\":{\"0\":{},\"1\":{}},\"2\":{\"0\":{},\"1\":{}},\"3\":{\"0\":{},\"1\":{}},\"4\":{\"0\":{},\"1\":{}}}\nmimeTypes:{\"0\":{},\"1\":{}}\npdfViewerEnabled:true\nwebkitTemporaryStorage:{}\nwebkitPersistentStorage:{}\nwindowControlsOverlay:{}\nhardwareConcurrency:6\ncookieEnabled:true\nappCodeName:\"Mozilla\"\nappName:\"Netscape\"\nappVersion:\"5.0 (Windows NT 10.0; Win64; x64) AppleWebKit/537.36 (KHTML, like Gecko) Chrome/131.0.0.0 Safari/537.36\"\nplatform:\"Win32\"\nproduct:\"Gecko\"\nuserAgent:\"Mozilla/5.0 (Windows NT 10.0; Win64; x64) AppleWebKit/537.36 (KHTML, like Gecko) Chrome/131.0.0.0 Safari/537.36\"\nlanguage:\"pt-BR\"\nlanguages:[\"pt-BR\",\"pt\",\"en-US\",\"en\"]\nonLine:true\nwebdriver:false\ngetGamepads:undefined\njavaEnabled:undefined\nsendBeacon:undefined\nvibrate:undefined\ndeprecatedRunAdAuctionEnforcesKAnonymity:true\nprotectedAudience:{}\nbluetooth:{}\nstorageBuckets:{}\nclipboard:{}\ncredentials:{}\nkeyboard:{}\nmanaged:{}\nmediaDevices:{}\nstorage:{}\nserviceWorker:{}\nvirtualKeyboard:{}\nwakeLock:{}\ndeviceMemory:8\nuserAgentData:{\"brands\":[{\"brand\":\"Google Chrome\",\"version\":\"131\"},{\"brand\":\"Chromium\",\"version\":\"131\"},{\"brand\":\"Not_A Brand\",\"version\":\"24\"}],\"mobile\":false,\"platform\":\"Windows\"}\nlogin:{}\nink:{}\nmediaCapabilities:{}\nhid:{}\nlocks:{}\ngpu:{}\nmediaSession:{}\npermissions:{}\npresentation:{}\nusb:{}\nxr:{}\nserial:{}\nadAuctionComponents:undefined\nrunAdAuction:undefined\ncanLoadAdAuctionFencedFrame:undefined\ncanShare:undefined\nshare:undefined\nclearAppBadge:undefined\ngetBattery:undefined\ngetUserMedia:undefined\nrequestMIDIAccess:undefined\nrequestMediaKeySystemAccess:undefined\nsetAppBadge:undefined\nwebkitGetUserMedia:undefined\nclearOriginJoinedAdInterestGroups:undefined\ncreateAuctionNonce:undefined\njoinAdInterestGroup:undefined\nleaveAdInterestGroup:undefined\nupdateAdInterestGroups:undefined\ndeprecatedReplaceInURN:undefined\ndeprecatedURNToURL:undefined\ngetInstalledRelatedApps:undefined\ngetInterestGroupAdAuctionData:undefined\nregisterProtocolHandler:undefined\nunregisterProtocolHandler:undefined\n"
      }
    ],
    [
      {
        "apiError": "",
        "message": "AppComponent:ngOnInit - Teste log",
        "logLevel": "INFO",
        "dateTime": "2024-12-20T14:32:54.720Z",
        "hostname": "localhost",
        "href": "http%3A%2F%2Flocalhost%3A4200%2Fcontracts",
        "navigatorInfo": "undefinedvendorSub:\"\"\nproductSub:\"20030107\"\nvendor:\"Google Inc.\"\nmaxTouchPoints:0\nscheduling:{}\nuserActivation:{}\ndoNotTrack:null\ngeolocation:{}\nconnection:{}\nplugins:{\"0\":{\"0\":{},\"1\":{}},\"1\":{\"0\":{},\"1\":{}},\"2\":{\"0\":{},\"1\":{}},\"3\":{\"0\":{},\"1\":{}},\"4\":{\"0\":{},\"1\":{}}}\nmimeTypes:{\"0\":{},\"1\":{}}\npdfViewerEnabled:true\nwebkitTemporaryStorage:{}\nwebkitPersistentStorage:{}\nwindowControlsOverlay:{}\nhardwareConcurrency:6\ncookieEnabled:true\nappCodeName:\"Mozilla\"\nappName:\"Netscape\"\nappVersion:\"5.0 (Windows NT 10.0; Win64; x64) AppleWebKit/537.36 (KHTML, like Gecko) Chrome/131.0.0.0 Safari/537.36\"\nplatform:\"Win32\"\nproduct:\"Gecko\"\nuserAgent:\"Mozilla/5.0 (Windows NT 10.0; Win64; x64) AppleWebKit/537.36 (KHTML, like Gecko) Chrome/131.0.0.0 Safari/537.36\"\nlanguage:\"pt-BR\"\nlanguages:[\"pt-BR\",\"pt\",\"en-US\",\"en\"]\nonLine:true\nwebdriver:false\ngetGamepads:undefined\njavaEnabled:undefined\nsendBeacon:undefined\nvibrate:undefined\ndeprecatedRunAdAuctionEnforcesKAnonymity:true\nprotectedAudience:{}\nbluetooth:{}\nstorageBuckets:{}\nclipboard:{}\ncredentials:{}\nkeyboard:{}\nmanaged:{}\nmediaDevices:{}\nstorage:{}\nserviceWorker:{}\nvirtualKeyboard:{}\nwakeLock:{}\ndeviceMemory:8\nuserAgentData:{\"brands\":[{\"brand\":\"Google Chrome\",\"version\":\"131\"},{\"brand\":\"Chromium\",\"version\":\"131\"},{\"brand\":\"Not_A Brand\",\"version\":\"24\"}],\"mobile\":false,\"platform\":\"Windows\"}\nlogin:{}\nink:{}\nmediaCapabilities:{}\nhid:{}\nlocks:{}\ngpu:{}\nmediaSession:{}\npermissions:{}\npresentation:{}\nusb:{}\nxr:{}\nserial:{}\nadAuctionComponents:undefined\nrunAdAuction:undefined\ncanLoadAdAuctionFencedFrame:undefined\ncanShare:undefined\nshare:undefined\nclearAppBadge:undefined\ngetBattery:undefined\ngetUserMedia:undefined\nrequestMIDIAccess:undefined\nrequestMediaKeySystemAccess:undefined\nsetAppBadge:undefined\nwebkitGetUserMedia:undefined\nclearOriginJoinedAdInterestGroups:undefined\ncreateAuctionNonce:undefined\njoinAdInterestGroup:undefined\nleaveAdInterestGroup:undefined\nupdateAdInterestGroups:undefined\ndeprecatedReplaceInURN:undefined\ndeprecatedURNToURL:undefined\ngetInstalledRelatedApps:undefined\ngetInterestGroupAdAuctionData:undefined\nregisterProtocolHandler:undefined\nunregisterProtocolHandler:undefined\n"
      }
    ],
    [
      {
        "apiError": "",
        "message": "AppComponent:ngOnInit - Teste log",
        "logLevel": "INFO",
        "dateTime": "2024-12-20T14:38:28.162Z",
        "hostname": "localhost",
        "href": "http%3A%2F%2Flocalhost%3A4200%2Fcontracts",
        "navigatorInfo": "undefinedvendorSub:\"\"\nproductSub:\"20030107\"\nvendor:\"Google Inc.\"\nmaxTouchPoints:0\nscheduling:{}\nuserActivation:{}\ndoNotTrack:null\ngeolocation:{}\nconnection:{}\nplugins:{\"0\":{\"0\":{},\"1\":{}},\"1\":{\"0\":{},\"1\":{}},\"2\":{\"0\":{},\"1\":{}},\"3\":{\"0\":{},\"1\":{}},\"4\":{\"0\":{},\"1\":{}}}\nmimeTypes:{\"0\":{},\"1\":{}}\npdfViewerEnabled:true\nwebkitTemporaryStorage:{}\nwebkitPersistentStorage:{}\nwindowControlsOverlay:{}\nhardwareConcurrency:6\ncookieEnabled:true\nappCodeName:\"Mozilla\"\nappName:\"Netscape\"\nappVersion:\"5.0 (Windows NT 10.0; Win64; x64) AppleWebKit/537.36 (KHTML, like Gecko) Chrome/131.0.0.0 Safari/537.36\"\nplatform:\"Win32\"\nproduct:\"Gecko\"\nuserAgent:\"Mozilla/5.0 (Windows NT 10.0; Win64; x64) AppleWebKit/537.36 (KHTML, like Gecko) Chrome/131.0.0.0 Safari/537.36\"\nlanguage:\"pt-BR\"\nlanguages:[\"pt-BR\",\"pt\",\"en-US\",\"en\"]\nonLine:true\nwebdriver:false\ngetGamepads:undefined\njavaEnabled:undefined\nsendBeacon:undefined\nvibrate:undefined\ndeprecatedRunAdAuctionEnforcesKAnonymity:true\nprotectedAudience:{}\nbluetooth:{}\nstorageBuckets:{}\nclipboard:{}\ncredentials:{}\nkeyboard:{}\nmanaged:{}\nmediaDevices:{}\nstorage:{}\nserviceWorker:{}\nvirtualKeyboard:{}\nwakeLock:{}\ndeviceMemory:8\nuserAgentData:{\"brands\":[{\"brand\":\"Google Chrome\",\"version\":\"131\"},{\"brand\":\"Chromium\",\"version\":\"131\"},{\"brand\":\"Not_A Brand\",\"version\":\"24\"}],\"mobile\":false,\"platform\":\"Windows\"}\nlogin:{}\nink:{}\nmediaCapabilities:{}\nhid:{}\nlocks:{}\ngpu:{}\nmediaSession:{}\npermissions:{}\npresentation:{}\nusb:{}\nxr:{}\nserial:{}\nadAuctionComponents:undefined\nrunAdAuction:undefined\ncanLoadAdAuctionFencedFrame:undefined\ncanShare:undefined\nshare:undefined\nclearAppBadge:undefined\ngetBattery:undefined\ngetUserMedia:undefined\nrequestMIDIAccess:undefined\nrequestMediaKeySystemAccess:undefined\nsetAppBadge:undefined\nwebkitGetUserMedia:undefined\nclearOriginJoinedAdInterestGroups:undefined\ncreateAuctionNonce:undefined\njoinAdInterestGroup:undefined\nleaveAdInterestGroup:undefined\nupdateAdInterestGroups:undefined\ndeprecatedReplaceInURN:undefined\ndeprecatedURNToURL:undefined\ngetInstalledRelatedApps:undefined\ngetInterestGroupAdAuctionData:undefined\nregisterProtocolHandler:undefined\nunregisterProtocolHandler:undefined\n"
      }
    ],
    [
      {
        "apiError": "",
        "message": "AppComponent:ngOnInit - Teste log",
        "logLevel": "INFO",
        "dateTime": "2024-12-20T14:40:30.531Z",
        "hostname": "localhost",
        "href": "http%3A%2F%2Flocalhost%3A4200%2Fcontracts",
        "navigatorInfo": "undefinedvendorSub:\"\"\nproductSub:\"20030107\"\nvendor:\"Google Inc.\"\nmaxTouchPoints:0\nscheduling:{}\nuserActivation:{}\ndoNotTrack:null\ngeolocation:{}\nconnection:{}\nplugins:{\"0\":{\"0\":{},\"1\":{}},\"1\":{\"0\":{},\"1\":{}},\"2\":{\"0\":{},\"1\":{}},\"3\":{\"0\":{},\"1\":{}},\"4\":{\"0\":{},\"1\":{}}}\nmimeTypes:{\"0\":{},\"1\":{}}\npdfViewerEnabled:true\nwebkitTemporaryStorage:{}\nwebkitPersistentStorage:{}\nwindowControlsOverlay:{}\nhardwareConcurrency:6\ncookieEnabled:true\nappCodeName:\"Mozilla\"\nappName:\"Netscape\"\nappVersion:\"5.0 (Windows NT 10.0; Win64; x64) AppleWebKit/537.36 (KHTML, like Gecko) Chrome/131.0.0.0 Safari/537.36\"\nplatform:\"Win32\"\nproduct:\"Gecko\"\nuserAgent:\"Mozilla/5.0 (Windows NT 10.0; Win64; x64) AppleWebKit/537.36 (KHTML, like Gecko) Chrome/131.0.0.0 Safari/537.36\"\nlanguage:\"pt-BR\"\nlanguages:[\"pt-BR\",\"pt\",\"en-US\",\"en\"]\nonLine:true\nwebdriver:false\ngetGamepads:undefined\njavaEnabled:undefined\nsendBeacon:undefined\nvibrate:undefined\ndeprecatedRunAdAuctionEnforcesKAnonymity:true\nprotectedAudience:{}\nbluetooth:{}\nstorageBuckets:{}\nclipboard:{}\ncredentials:{}\nkeyboard:{}\nmanaged:{}\nmediaDevices:{}\nstorage:{}\nserviceWorker:{}\nvirtualKeyboard:{}\nwakeLock:{}\ndeviceMemory:8\nuserAgentData:{\"brands\":[{\"brand\":\"Google Chrome\",\"version\":\"131\"},{\"brand\":\"Chromium\",\"version\":\"131\"},{\"brand\":\"Not_A Brand\",\"version\":\"24\"}],\"mobile\":false,\"platform\":\"Windows\"}\nlogin:{}\nink:{}\nmediaCapabilities:{}\nhid:{}\nlocks:{}\ngpu:{}\nmediaSession:{}\npermissions:{}\npresentation:{}\nusb:{}\nxr:{}\nserial:{}\nadAuctionComponents:undefined\nrunAdAuction:undefined\ncanLoadAdAuctionFencedFrame:undefined\ncanShare:undefined\nshare:undefined\nclearAppBadge:undefined\ngetBattery:undefined\ngetUserMedia:undefined\nrequestMIDIAccess:undefined\nrequestMediaKeySystemAccess:undefined\nsetAppBadge:undefined\nwebkitGetUserMedia:undefined\nclearOriginJoinedAdInterestGroups:undefined\ncreateAuctionNonce:undefined\njoinAdInterestGroup:undefined\nleaveAdInterestGroup:undefined\nupdateAdInterestGroups:undefined\ndeprecatedReplaceInURN:undefined\ndeprecatedURNToURL:undefined\ngetInstalledRelatedApps:undefined\ngetInterestGroupAdAuctionData:undefined\nregisterProtocolHandler:undefined\nunregisterProtocolHandler:undefined\n"
      }
    ],
    [
      {
        "apiError": "",
        "message": "AppComponent:ngOnInit - Teste log",
        "logLevel": "INFO",
        "dateTime": "2024-12-20T14:41:47.478Z",
        "hostname": "localhost",
        "href": "http%3A%2F%2Flocalhost%3A4200%2Fcontracts",
        "navigatorInfo": "undefinedvendorSub:\"\"\nproductSub:\"20030107\"\nvendor:\"Google Inc.\"\nmaxTouchPoints:0\nscheduling:{}\nuserActivation:{}\ndoNotTrack:null\ngeolocation:{}\nconnection:{}\nplugins:{\"0\":{\"0\":{},\"1\":{}},\"1\":{\"0\":{},\"1\":{}},\"2\":{\"0\":{},\"1\":{}},\"3\":{\"0\":{},\"1\":{}},\"4\":{\"0\":{},\"1\":{}}}\nmimeTypes:{\"0\":{},\"1\":{}}\npdfViewerEnabled:true\nwebkitTemporaryStorage:{}\nwebkitPersistentStorage:{}\nwindowControlsOverlay:{}\nhardwareConcurrency:6\ncookieEnabled:true\nappCodeName:\"Mozilla\"\nappName:\"Netscape\"\nappVersion:\"5.0 (Windows NT 10.0; Win64; x64) AppleWebKit/537.36 (KHTML, like Gecko) Chrome/131.0.0.0 Safari/537.36\"\nplatform:\"Win32\"\nproduct:\"Gecko\"\nuserAgent:\"Mozilla/5.0 (Windows NT 10.0; Win64; x64) AppleWebKit/537.36 (KHTML, like Gecko) Chrome/131.0.0.0 Safari/537.36\"\nlanguage:\"pt-BR\"\nlanguages:[\"pt-BR\",\"pt\",\"en-US\",\"en\"]\nonLine:true\nwebdriver:false\ngetGamepads:undefined\njavaEnabled:undefined\nsendBeacon:undefined\nvibrate:undefined\ndeprecatedRunAdAuctionEnforcesKAnonymity:true\nprotectedAudience:{}\nbluetooth:{}\nstorageBuckets:{}\nclipboard:{}\ncredentials:{}\nkeyboard:{}\nmanaged:{}\nmediaDevices:{}\nstorage:{}\nserviceWorker:{}\nvirtualKeyboard:{}\nwakeLock:{}\ndeviceMemory:8\nuserAgentData:{\"brands\":[{\"brand\":\"Google Chrome\",\"version\":\"131\"},{\"brand\":\"Chromium\",\"version\":\"131\"},{\"brand\":\"Not_A Brand\",\"version\":\"24\"}],\"mobile\":false,\"platform\":\"Windows\"}\nlogin:{}\nink:{}\nmediaCapabilities:{}\nhid:{}\nlocks:{}\ngpu:{}\nmediaSession:{}\npermissions:{}\npresentation:{}\nusb:{}\nxr:{}\nserial:{}\nadAuctionComponents:undefined\nrunAdAuction:undefined\ncanLoadAdAuctionFencedFrame:undefined\ncanShare:undefined\nshare:undefined\nclearAppBadge:undefined\ngetBattery:undefined\ngetUserMedia:undefined\nrequestMIDIAccess:undefined\nrequestMediaKeySystemAccess:undefined\nsetAppBadge:undefined\nwebkitGetUserMedia:undefined\nclearOriginJoinedAdInterestGroups:undefined\ncreateAuctionNonce:undefined\njoinAdInterestGroup:undefined\nleaveAdInterestGroup:undefined\nupdateAdInterestGroups:undefined\ndeprecatedReplaceInURN:undefined\ndeprecatedURNToURL:undefined\ngetInstalledRelatedApps:undefined\ngetInterestGroupAdAuctionData:undefined\nregisterProtocolHandler:undefined\nunregisterProtocolHandler:undefined\n"
      }
    ],
    [
      {
        "apiError": "",
        "message": "AppComponent:ngOnInit - Teste log",
        "logLevel": "INFO",
        "dateTime": "2024-12-20T14:42:49.045Z",
        "hostname": "localhost",
        "href": "http%3A%2F%2Flocalhost%3A4200%2Fcontracts",
        "navigatorInfo": "undefinedvendorSub:\"\"\nproductSub:\"20030107\"\nvendor:\"Google Inc.\"\nmaxTouchPoints:0\nscheduling:{}\nuserActivation:{}\ndoNotTrack:null\ngeolocation:{}\nconnection:{}\nplugins:{\"0\":{\"0\":{},\"1\":{}},\"1\":{\"0\":{},\"1\":{}},\"2\":{\"0\":{},\"1\":{}},\"3\":{\"0\":{},\"1\":{}},\"4\":{\"0\":{},\"1\":{}}}\nmimeTypes:{\"0\":{},\"1\":{}}\npdfViewerEnabled:true\nwebkitTemporaryStorage:{}\nwebkitPersistentStorage:{}\nwindowControlsOverlay:{}\nhardwareConcurrency:6\ncookieEnabled:true\nappCodeName:\"Mozilla\"\nappName:\"Netscape\"\nappVersion:\"5.0 (Windows NT 10.0; Win64; x64) AppleWebKit/537.36 (KHTML, like Gecko) Chrome/131.0.0.0 Safari/537.36\"\nplatform:\"Win32\"\nproduct:\"Gecko\"\nuserAgent:\"Mozilla/5.0 (Windows NT 10.0; Win64; x64) AppleWebKit/537.36 (KHTML, like Gecko) Chrome/131.0.0.0 Safari/537.36\"\nlanguage:\"pt-BR\"\nlanguages:[\"pt-BR\",\"pt\",\"en-US\",\"en\"]\nonLine:true\nwebdriver:false\ngetGamepads:undefined\njavaEnabled:undefined\nsendBeacon:undefined\nvibrate:undefined\ndeprecatedRunAdAuctionEnforcesKAnonymity:true\nprotectedAudience:{}\nbluetooth:{}\nstorageBuckets:{}\nclipboard:{}\ncredentials:{}\nkeyboard:{}\nmanaged:{}\nmediaDevices:{}\nstorage:{}\nserviceWorker:{}\nvirtualKeyboard:{}\nwakeLock:{}\ndeviceMemory:8\nuserAgentData:{\"brands\":[{\"brand\":\"Google Chrome\",\"version\":\"131\"},{\"brand\":\"Chromium\",\"version\":\"131\"},{\"brand\":\"Not_A Brand\",\"version\":\"24\"}],\"mobile\":false,\"platform\":\"Windows\"}\nlogin:{}\nink:{}\nmediaCapabilities:{}\nhid:{}\nlocks:{}\ngpu:{}\nmediaSession:{}\npermissions:{}\npresentation:{}\nusb:{}\nxr:{}\nserial:{}\nadAuctionComponents:undefined\nrunAdAuction:undefined\ncanLoadAdAuctionFencedFrame:undefined\ncanShare:undefined\nshare:undefined\nclearAppBadge:undefined\ngetBattery:undefined\ngetUserMedia:undefined\nrequestMIDIAccess:undefined\nrequestMediaKeySystemAccess:undefined\nsetAppBadge:undefined\nwebkitGetUserMedia:undefined\nclearOriginJoinedAdInterestGroups:undefined\ncreateAuctionNonce:undefined\njoinAdInterestGroup:undefined\nleaveAdInterestGroup:undefined\nupdateAdInterestGroups:undefined\ndeprecatedReplaceInURN:undefined\ndeprecatedURNToURL:undefined\ngetInstalledRelatedApps:undefined\ngetInterestGroupAdAuctionData:undefined\nregisterProtocolHandler:undefined\nunregisterProtocolHandler:undefined\n"
      }
    ],
    [
      {
        "apiError": "",
        "message": "AppComponent:ngOnInit - Teste log",
        "logLevel": "INFO",
        "dateTime": "2024-12-20T14:43:22.966Z",
        "hostname": "localhost",
        "href": "http%3A%2F%2Flocalhost%3A4200%2Fcontracts",
        "navigatorInfo": "undefinedvendorSub:\"\"\nproductSub:\"20030107\"\nvendor:\"Google Inc.\"\nmaxTouchPoints:0\nscheduling:{}\nuserActivation:{}\ndoNotTrack:null\ngeolocation:{}\nconnection:{}\nplugins:{\"0\":{\"0\":{},\"1\":{}},\"1\":{\"0\":{},\"1\":{}},\"2\":{\"0\":{},\"1\":{}},\"3\":{\"0\":{},\"1\":{}},\"4\":{\"0\":{},\"1\":{}}}\nmimeTypes:{\"0\":{},\"1\":{}}\npdfViewerEnabled:true\nwebkitTemporaryStorage:{}\nwebkitPersistentStorage:{}\nwindowControlsOverlay:{}\nhardwareConcurrency:6\ncookieEnabled:true\nappCodeName:\"Mozilla\"\nappName:\"Netscape\"\nappVersion:\"5.0 (Windows NT 10.0; Win64; x64) AppleWebKit/537.36 (KHTML, like Gecko) Chrome/131.0.0.0 Safari/537.36\"\nplatform:\"Win32\"\nproduct:\"Gecko\"\nuserAgent:\"Mozilla/5.0 (Windows NT 10.0; Win64; x64) AppleWebKit/537.36 (KHTML, like Gecko) Chrome/131.0.0.0 Safari/537.36\"\nlanguage:\"pt-BR\"\nlanguages:[\"pt-BR\",\"pt\",\"en-US\",\"en\"]\nonLine:true\nwebdriver:false\ngetGamepads:undefined\njavaEnabled:undefined\nsendBeacon:undefined\nvibrate:undefined\ndeprecatedRunAdAuctionEnforcesKAnonymity:true\nprotectedAudience:{}\nbluetooth:{}\nstorageBuckets:{}\nclipboard:{}\ncredentials:{}\nkeyboard:{}\nmanaged:{}\nmediaDevices:{}\nstorage:{}\nserviceWorker:{}\nvirtualKeyboard:{}\nwakeLock:{}\ndeviceMemory:8\nuserAgentData:{\"brands\":[{\"brand\":\"Google Chrome\",\"version\":\"131\"},{\"brand\":\"Chromium\",\"version\":\"131\"},{\"brand\":\"Not_A Brand\",\"version\":\"24\"}],\"mobile\":false,\"platform\":\"Windows\"}\nlogin:{}\nink:{}\nmediaCapabilities:{}\nhid:{}\nlocks:{}\ngpu:{}\nmediaSession:{}\npermissions:{}\npresentation:{}\nusb:{}\nxr:{}\nserial:{}\nadAuctionComponents:undefined\nrunAdAuction:undefined\ncanLoadAdAuctionFencedFrame:undefined\ncanShare:undefined\nshare:undefined\nclearAppBadge:undefined\ngetBattery:undefined\ngetUserMedia:undefined\nrequestMIDIAccess:undefined\nrequestMediaKeySystemAccess:undefined\nsetAppBadge:undefined\nwebkitGetUserMedia:undefined\nclearOriginJoinedAdInterestGroups:undefined\ncreateAuctionNonce:undefined\njoinAdInterestGroup:undefined\nleaveAdInterestGroup:undefined\nupdateAdInterestGroups:undefined\ndeprecatedReplaceInURN:undefined\ndeprecatedURNToURL:undefined\ngetInstalledRelatedApps:undefined\ngetInterestGroupAdAuctionData:undefined\nregisterProtocolHandler:undefined\nunregisterProtocolHandler:undefined\n"
      }
    ],
    [
      {
        "apiError": "",
        "message": "AppComponent:ngOnInit - Teste log",
        "logLevel": "INFO",
        "dateTime": "2024-12-20T14:44:12.675Z",
        "hostname": "localhost",
        "href": "http%3A%2F%2Flocalhost%3A4200%2Fcontracts",
        "navigatorInfo": "undefinedvendorSub:\"\"\nproductSub:\"20030107\"\nvendor:\"Google Inc.\"\nmaxTouchPoints:0\nscheduling:{}\nuserActivation:{}\ndoNotTrack:null\ngeolocation:{}\nconnection:{}\nplugins:{\"0\":{\"0\":{},\"1\":{}},\"1\":{\"0\":{},\"1\":{}},\"2\":{\"0\":{},\"1\":{}},\"3\":{\"0\":{},\"1\":{}},\"4\":{\"0\":{},\"1\":{}}}\nmimeTypes:{\"0\":{},\"1\":{}}\npdfViewerEnabled:true\nwebkitTemporaryStorage:{}\nwebkitPersistentStorage:{}\nwindowControlsOverlay:{}\nhardwareConcurrency:6\ncookieEnabled:true\nappCodeName:\"Mozilla\"\nappName:\"Netscape\"\nappVersion:\"5.0 (Windows NT 10.0; Win64; x64) AppleWebKit/537.36 (KHTML, like Gecko) Chrome/131.0.0.0 Safari/537.36\"\nplatform:\"Win32\"\nproduct:\"Gecko\"\nuserAgent:\"Mozilla/5.0 (Windows NT 10.0; Win64; x64) AppleWebKit/537.36 (KHTML, like Gecko) Chrome/131.0.0.0 Safari/537.36\"\nlanguage:\"pt-BR\"\nlanguages:[\"pt-BR\",\"pt\",\"en-US\",\"en\"]\nonLine:true\nwebdriver:false\ngetGamepads:undefined\njavaEnabled:undefined\nsendBeacon:undefined\nvibrate:undefined\ndeprecatedRunAdAuctionEnforcesKAnonymity:true\nprotectedAudience:{}\nbluetooth:{}\nstorageBuckets:{}\nclipboard:{}\ncredentials:{}\nkeyboard:{}\nmanaged:{}\nmediaDevices:{}\nstorage:{}\nserviceWorker:{}\nvirtualKeyboard:{}\nwakeLock:{}\ndeviceMemory:8\nuserAgentData:{\"brands\":[{\"brand\":\"Google Chrome\",\"version\":\"131\"},{\"brand\":\"Chromium\",\"version\":\"131\"},{\"brand\":\"Not_A Brand\",\"version\":\"24\"}],\"mobile\":false,\"platform\":\"Windows\"}\nlogin:{}\nink:{}\nmediaCapabilities:{}\nhid:{}\nlocks:{}\ngpu:{}\nmediaSession:{}\npermissions:{}\npresentation:{}\nusb:{}\nxr:{}\nserial:{}\nadAuctionComponents:undefined\nrunAdAuction:undefined\ncanLoadAdAuctionFencedFrame:undefined\ncanShare:undefined\nshare:undefined\nclearAppBadge:undefined\ngetBattery:undefined\ngetUserMedia:undefined\nrequestMIDIAccess:undefined\nrequestMediaKeySystemAccess:undefined\nsetAppBadge:undefined\nwebkitGetUserMedia:undefined\nclearOriginJoinedAdInterestGroups:undefined\ncreateAuctionNonce:undefined\njoinAdInterestGroup:undefined\nleaveAdInterestGroup:undefined\nupdateAdInterestGroups:undefined\ndeprecatedReplaceInURN:undefined\ndeprecatedURNToURL:undefined\ngetInstalledRelatedApps:undefined\ngetInterestGroupAdAuctionData:undefined\nregisterProtocolHandler:undefined\nunregisterProtocolHandler:undefined\n"
      }
    ],
    [
      {
        "apiError": "",
        "message": "AppComponent:ngOnInit - Teste log",
        "logLevel": "INFO",
        "dateTime": "2024-12-20T14:45:14.739Z",
        "hostname": "localhost",
        "href": "http%3A%2F%2Flocalhost%3A4200%2Fcontracts",
        "navigatorInfo": "undefinedvendorSub:\"\"\nproductSub:\"20030107\"\nvendor:\"Google Inc.\"\nmaxTouchPoints:0\nscheduling:{}\nuserActivation:{}\ndoNotTrack:null\ngeolocation:{}\nconnection:{}\nplugins:{\"0\":{\"0\":{},\"1\":{}},\"1\":{\"0\":{},\"1\":{}},\"2\":{\"0\":{},\"1\":{}},\"3\":{\"0\":{},\"1\":{}},\"4\":{\"0\":{},\"1\":{}}}\nmimeTypes:{\"0\":{},\"1\":{}}\npdfViewerEnabled:true\nwebkitTemporaryStorage:{}\nwebkitPersistentStorage:{}\nwindowControlsOverlay:{}\nhardwareConcurrency:6\ncookieEnabled:true\nappCodeName:\"Mozilla\"\nappName:\"Netscape\"\nappVersion:\"5.0 (Windows NT 10.0; Win64; x64) AppleWebKit/537.36 (KHTML, like Gecko) Chrome/131.0.0.0 Safari/537.36\"\nplatform:\"Win32\"\nproduct:\"Gecko\"\nuserAgent:\"Mozilla/5.0 (Windows NT 10.0; Win64; x64) AppleWebKit/537.36 (KHTML, like Gecko) Chrome/131.0.0.0 Safari/537.36\"\nlanguage:\"pt-BR\"\nlanguages:[\"pt-BR\",\"pt\",\"en-US\",\"en\"]\nonLine:true\nwebdriver:false\ngetGamepads:undefined\njavaEnabled:undefined\nsendBeacon:undefined\nvibrate:undefined\ndeprecatedRunAdAuctionEnforcesKAnonymity:true\nprotectedAudience:{}\nbluetooth:{}\nstorageBuckets:{}\nclipboard:{}\ncredentials:{}\nkeyboard:{}\nmanaged:{}\nmediaDevices:{}\nstorage:{}\nserviceWorker:{}\nvirtualKeyboard:{}\nwakeLock:{}\ndeviceMemory:8\nuserAgentData:{\"brands\":[{\"brand\":\"Google Chrome\",\"version\":\"131\"},{\"brand\":\"Chromium\",\"version\":\"131\"},{\"brand\":\"Not_A Brand\",\"version\":\"24\"}],\"mobile\":false,\"platform\":\"Windows\"}\nlogin:{}\nink:{}\nmediaCapabilities:{}\nhid:{}\nlocks:{}\ngpu:{}\nmediaSession:{}\npermissions:{}\npresentation:{}\nusb:{}\nxr:{}\nserial:{}\nadAuctionComponents:undefined\nrunAdAuction:undefined\ncanLoadAdAuctionFencedFrame:undefined\ncanShare:undefined\nshare:undefined\nclearAppBadge:undefined\ngetBattery:undefined\ngetUserMedia:undefined\nrequestMIDIAccess:undefined\nrequestMediaKeySystemAccess:undefined\nsetAppBadge:undefined\nwebkitGetUserMedia:undefined\nclearOriginJoinedAdInterestGroups:undefined\ncreateAuctionNonce:undefined\njoinAdInterestGroup:undefined\nleaveAdInterestGroup:undefined\nupdateAdInterestGroups:undefined\ndeprecatedReplaceInURN:undefined\ndeprecatedURNToURL:undefined\ngetInstalledRelatedApps:undefined\ngetInterestGroupAdAuctionData:undefined\nregisterProtocolHandler:undefined\nunregisterProtocolHandler:undefined\n"
      }
    ],
    [
      {
        "apiError": "",
        "message": "AppComponent:ngOnInit - Teste log",
        "logLevel": "INFO",
        "dateTime": "2024-12-20T14:45:20.068Z",
        "hostname": "localhost",
        "href": "http%3A%2F%2Flocalhost%3A4200%2Fcontracts",
        "navigatorInfo": "undefinedvendorSub:\"\"\nproductSub:\"20030107\"\nvendor:\"Google Inc.\"\nmaxTouchPoints:0\nscheduling:{}\nuserActivation:{}\ndoNotTrack:null\ngeolocation:{}\nconnection:{}\nplugins:{\"0\":{\"0\":{},\"1\":{}},\"1\":{\"0\":{},\"1\":{}},\"2\":{\"0\":{},\"1\":{}},\"3\":{\"0\":{},\"1\":{}},\"4\":{\"0\":{},\"1\":{}}}\nmimeTypes:{\"0\":{},\"1\":{}}\npdfViewerEnabled:true\nwebkitTemporaryStorage:{}\nwebkitPersistentStorage:{}\nwindowControlsOverlay:{}\nhardwareConcurrency:6\ncookieEnabled:true\nappCodeName:\"Mozilla\"\nappName:\"Netscape\"\nappVersion:\"5.0 (Windows NT 10.0; Win64; x64) AppleWebKit/537.36 (KHTML, like Gecko) Chrome/131.0.0.0 Safari/537.36\"\nplatform:\"Win32\"\nproduct:\"Gecko\"\nuserAgent:\"Mozilla/5.0 (Windows NT 10.0; Win64; x64) AppleWebKit/537.36 (KHTML, like Gecko) Chrome/131.0.0.0 Safari/537.36\"\nlanguage:\"pt-BR\"\nlanguages:[\"pt-BR\",\"pt\",\"en-US\",\"en\"]\nonLine:true\nwebdriver:false\ngetGamepads:undefined\njavaEnabled:undefined\nsendBeacon:undefined\nvibrate:undefined\ndeprecatedRunAdAuctionEnforcesKAnonymity:true\nprotectedAudience:{}\nbluetooth:{}\nstorageBuckets:{}\nclipboard:{}\ncredentials:{}\nkeyboard:{}\nmanaged:{}\nmediaDevices:{}\nstorage:{}\nserviceWorker:{}\nvirtualKeyboard:{}\nwakeLock:{}\ndeviceMemory:8\nuserAgentData:{\"brands\":[{\"brand\":\"Google Chrome\",\"version\":\"131\"},{\"brand\":\"Chromium\",\"version\":\"131\"},{\"brand\":\"Not_A Brand\",\"version\":\"24\"}],\"mobile\":false,\"platform\":\"Windows\"}\nlogin:{}\nink:{}\nmediaCapabilities:{}\nhid:{}\nlocks:{}\ngpu:{}\nmediaSession:{}\npermissions:{}\npresentation:{}\nusb:{}\nxr:{}\nserial:{}\nadAuctionComponents:undefined\nrunAdAuction:undefined\ncanLoadAdAuctionFencedFrame:undefined\ncanShare:undefined\nshare:undefined\nclearAppBadge:undefined\ngetBattery:undefined\ngetUserMedia:undefined\nrequestMIDIAccess:undefined\nrequestMediaKeySystemAccess:undefined\nsetAppBadge:undefined\nwebkitGetUserMedia:undefined\nclearOriginJoinedAdInterestGroups:undefined\ncreateAuctionNonce:undefined\njoinAdInterestGroup:undefined\nleaveAdInterestGroup:undefined\nupdateAdInterestGroups:undefined\ndeprecatedReplaceInURN:undefined\ndeprecatedURNToURL:undefined\ngetInstalledRelatedApps:undefined\ngetInterestGroupAdAuctionData:undefined\nregisterProtocolHandler:undefined\nunregisterProtocolHandler:undefined\n"
      }
    ],
    [
      {
        "apiError": "",
        "message": "AppComponent:ngOnInit - Teste log",
        "logLevel": "INFO",
        "dateTime": "2024-12-20T14:48:18.451Z",
        "hostname": "localhost",
        "href": "http%3A%2F%2Flocalhost%3A4200%2Fcontracts",
        "navigatorInfo": "undefinedvendorSub:\"\"\nproductSub:\"20030107\"\nvendor:\"Google Inc.\"\nmaxTouchPoints:0\nscheduling:{}\nuserActivation:{}\ndoNotTrack:null\ngeolocation:{}\nconnection:{}\nplugins:{\"0\":{\"0\":{},\"1\":{}},\"1\":{\"0\":{},\"1\":{}},\"2\":{\"0\":{},\"1\":{}},\"3\":{\"0\":{},\"1\":{}},\"4\":{\"0\":{},\"1\":{}}}\nmimeTypes:{\"0\":{},\"1\":{}}\npdfViewerEnabled:true\nwebkitTemporaryStorage:{}\nwebkitPersistentStorage:{}\nwindowControlsOverlay:{}\nhardwareConcurrency:6\ncookieEnabled:true\nappCodeName:\"Mozilla\"\nappName:\"Netscape\"\nappVersion:\"5.0 (Windows NT 10.0; Win64; x64) AppleWebKit/537.36 (KHTML, like Gecko) Chrome/131.0.0.0 Safari/537.36\"\nplatform:\"Win32\"\nproduct:\"Gecko\"\nuserAgent:\"Mozilla/5.0 (Windows NT 10.0; Win64; x64) AppleWebKit/537.36 (KHTML, like Gecko) Chrome/131.0.0.0 Safari/537.36\"\nlanguage:\"pt-BR\"\nlanguages:[\"pt-BR\",\"pt\",\"en-US\",\"en\"]\nonLine:true\nwebdriver:false\ngetGamepads:undefined\njavaEnabled:undefined\nsendBeacon:undefined\nvibrate:undefined\ndeprecatedRunAdAuctionEnforcesKAnonymity:true\nprotectedAudience:{}\nbluetooth:{}\nstorageBuckets:{}\nclipboard:{}\ncredentials:{}\nkeyboard:{}\nmanaged:{}\nmediaDevices:{}\nstorage:{}\nserviceWorker:{}\nvirtualKeyboard:{}\nwakeLock:{}\ndeviceMemory:8\nuserAgentData:{\"brands\":[{\"brand\":\"Google Chrome\",\"version\":\"131\"},{\"brand\":\"Chromium\",\"version\":\"131\"},{\"brand\":\"Not_A Brand\",\"version\":\"24\"}],\"mobile\":false,\"platform\":\"Windows\"}\nlogin:{}\nink:{}\nmediaCapabilities:{}\nhid:{}\nlocks:{}\ngpu:{}\nmediaSession:{}\npermissions:{}\npresentation:{}\nusb:{}\nxr:{}\nserial:{}\nadAuctionComponents:undefined\nrunAdAuction:undefined\ncanLoadAdAuctionFencedFrame:undefined\ncanShare:undefined\nshare:undefined\nclearAppBadge:undefined\ngetBattery:undefined\ngetUserMedia:undefined\nrequestMIDIAccess:undefined\nrequestMediaKeySystemAccess:undefined\nsetAppBadge:undefined\nwebkitGetUserMedia:undefined\nclearOriginJoinedAdInterestGroups:undefined\ncreateAuctionNonce:undefined\njoinAdInterestGroup:undefined\nleaveAdInterestGroup:undefined\nupdateAdInterestGroups:undefined\ndeprecatedReplaceInURN:undefined\ndeprecatedURNToURL:undefined\ngetInstalledRelatedApps:undefined\ngetInterestGroupAdAuctionData:undefined\nregisterProtocolHandler:undefined\nunregisterProtocolHandler:undefined\n"
      }
    ],
    [
      {
        "apiError": "",
        "message": "AppComponent:ngOnInit - Teste log",
        "logLevel": "INFO",
        "dateTime": "2024-12-20T14:48:57.538Z",
        "hostname": "localhost",
        "href": "http%3A%2F%2Flocalhost%3A4200%2Fcontracts",
        "navigatorInfo": "undefinedvendorSub:\"\"\nproductSub:\"20030107\"\nvendor:\"Google Inc.\"\nmaxTouchPoints:0\nscheduling:{}\nuserActivation:{}\ndoNotTrack:null\ngeolocation:{}\nconnection:{}\nplugins:{\"0\":{\"0\":{},\"1\":{}},\"1\":{\"0\":{},\"1\":{}},\"2\":{\"0\":{},\"1\":{}},\"3\":{\"0\":{},\"1\":{}},\"4\":{\"0\":{},\"1\":{}}}\nmimeTypes:{\"0\":{},\"1\":{}}\npdfViewerEnabled:true\nwebkitTemporaryStorage:{}\nwebkitPersistentStorage:{}\nwindowControlsOverlay:{}\nhardwareConcurrency:6\ncookieEnabled:true\nappCodeName:\"Mozilla\"\nappName:\"Netscape\"\nappVersion:\"5.0 (Windows NT 10.0; Win64; x64) AppleWebKit/537.36 (KHTML, like Gecko) Chrome/131.0.0.0 Safari/537.36\"\nplatform:\"Win32\"\nproduct:\"Gecko\"\nuserAgent:\"Mozilla/5.0 (Windows NT 10.0; Win64; x64) AppleWebKit/537.36 (KHTML, like Gecko) Chrome/131.0.0.0 Safari/537.36\"\nlanguage:\"pt-BR\"\nlanguages:[\"pt-BR\",\"pt\",\"en-US\",\"en\"]\nonLine:true\nwebdriver:false\ngetGamepads:undefined\njavaEnabled:undefined\nsendBeacon:undefined\nvibrate:undefined\ndeprecatedRunAdAuctionEnforcesKAnonymity:true\nprotectedAudience:{}\nbluetooth:{}\nstorageBuckets:{}\nclipboard:{}\ncredentials:{}\nkeyboard:{}\nmanaged:{}\nmediaDevices:{}\nstorage:{}\nserviceWorker:{}\nvirtualKeyboard:{}\nwakeLock:{}\ndeviceMemory:8\nuserAgentData:{\"brands\":[{\"brand\":\"Google Chrome\",\"version\":\"131\"},{\"brand\":\"Chromium\",\"version\":\"131\"},{\"brand\":\"Not_A Brand\",\"version\":\"24\"}],\"mobile\":false,\"platform\":\"Windows\"}\nlogin:{}\nink:{}\nmediaCapabilities:{}\nhid:{}\nlocks:{}\ngpu:{}\nmediaSession:{}\npermissions:{}\npresentation:{}\nusb:{}\nxr:{}\nserial:{}\nadAuctionComponents:undefined\nrunAdAuction:undefined\ncanLoadAdAuctionFencedFrame:undefined\ncanShare:undefined\nshare:undefined\nclearAppBadge:undefined\ngetBattery:undefined\ngetUserMedia:undefined\nrequestMIDIAccess:undefined\nrequestMediaKeySystemAccess:undefined\nsetAppBadge:undefined\nwebkitGetUserMedia:undefined\nclearOriginJoinedAdInterestGroups:undefined\ncreateAuctionNonce:undefined\njoinAdInterestGroup:undefined\nleaveAdInterestGroup:undefined\nupdateAdInterestGroups:undefined\ndeprecatedReplaceInURN:undefined\ndeprecatedURNToURL:undefined\ngetInstalledRelatedApps:undefined\ngetInterestGroupAdAuctionData:undefined\nregisterProtocolHandler:undefined\nunregisterProtocolHandler:undefined\n"
      }
    ],
    [
      {
        "apiError": "",
        "message": "AppComponent:ngOnInit - Teste log",
        "logLevel": "INFO",
        "dateTime": "2024-12-20T16:48:49.535Z",
        "hostname": "localhost",
        "href": "http%3A%2F%2Flocalhost%3A4200%2Fcontracts",
        "navigatorInfo": "undefinedvendorSub:\"\"\nproductSub:\"20030107\"\nvendor:\"Google Inc.\"\nmaxTouchPoints:0\nscheduling:{}\nuserActivation:{}\ndoNotTrack:null\ngeolocation:{}\nconnection:{}\nplugins:{\"0\":{\"0\":{},\"1\":{}},\"1\":{\"0\":{},\"1\":{}},\"2\":{\"0\":{},\"1\":{}},\"3\":{\"0\":{},\"1\":{}},\"4\":{\"0\":{},\"1\":{}}}\nmimeTypes:{\"0\":{},\"1\":{}}\npdfViewerEnabled:true\nwebkitTemporaryStorage:{}\nwebkitPersistentStorage:{}\nwindowControlsOverlay:{}\nhardwareConcurrency:6\ncookieEnabled:true\nappCodeName:\"Mozilla\"\nappName:\"Netscape\"\nappVersion:\"5.0 (Windows NT 10.0; Win64; x64) AppleWebKit/537.36 (KHTML, like Gecko) Chrome/131.0.0.0 Safari/537.36\"\nplatform:\"Win32\"\nproduct:\"Gecko\"\nuserAgent:\"Mozilla/5.0 (Windows NT 10.0; Win64; x64) AppleWebKit/537.36 (KHTML, like Gecko) Chrome/131.0.0.0 Safari/537.36\"\nlanguage:\"pt-BR\"\nlanguages:[\"pt-BR\",\"pt\",\"en-US\",\"en\"]\nonLine:true\nwebdriver:false\ngetGamepads:undefined\njavaEnabled:undefined\nsendBeacon:undefined\nvibrate:undefined\ndeprecatedRunAdAuctionEnforcesKAnonymity:true\nprotectedAudience:{}\nbluetooth:{}\nstorageBuckets:{}\nclipboard:{}\ncredentials:{}\nkeyboard:{}\nmanaged:{}\nmediaDevices:{}\nstorage:{}\nserviceWorker:{}\nvirtualKeyboard:{}\nwakeLock:{}\ndeviceMemory:8\nuserAgentData:{\"brands\":[{\"brand\":\"Google Chrome\",\"version\":\"131\"},{\"brand\":\"Chromium\",\"version\":\"131\"},{\"brand\":\"Not_A Brand\",\"version\":\"24\"}],\"mobile\":false,\"platform\":\"Windows\"}\nlogin:{}\nink:{}\nmediaCapabilities:{}\nhid:{}\nlocks:{}\ngpu:{}\nmediaSession:{}\npermissions:{}\npresentation:{}\nusb:{}\nxr:{}\nserial:{}\nadAuctionComponents:undefined\nrunAdAuction:undefined\ncanLoadAdAuctionFencedFrame:undefined\ncanShare:undefined\nshare:undefined\nclearAppBadge:undefined\ngetBattery:undefined\ngetUserMedia:undefined\nrequestMIDIAccess:undefined\nrequestMediaKeySystemAccess:undefined\nsetAppBadge:undefined\nwebkitGetUserMedia:undefined\nclearOriginJoinedAdInterestGroups:undefined\ncreateAuctionNonce:undefined\njoinAdInterestGroup:undefined\nleaveAdInterestGroup:undefined\nupdateAdInterestGroups:undefined\ndeprecatedReplaceInURN:undefined\ndeprecatedURNToURL:undefined\ngetInstalledRelatedApps:undefined\ngetInterestGroupAdAuctionData:undefined\nregisterProtocolHandler:undefined\nunregisterProtocolHandler:undefined\n"
      }
    ],
    [
      {
        "apiError": "",
        "message": "AppComponent:ngOnInit - Teste log",
        "logLevel": "INFO",
        "dateTime": "2024-12-20T16:50:32.248Z",
        "hostname": "localhost",
        "href": "http%3A%2F%2Flocalhost%3A4200%2Fcontracts",
        "navigatorInfo": "undefinedvendorSub:\"\"\nproductSub:\"20030107\"\nvendor:\"Google Inc.\"\nmaxTouchPoints:0\nscheduling:{}\nuserActivation:{}\ndoNotTrack:null\ngeolocation:{}\nconnection:{}\nplugins:{\"0\":{\"0\":{},\"1\":{}},\"1\":{\"0\":{},\"1\":{}},\"2\":{\"0\":{},\"1\":{}},\"3\":{\"0\":{},\"1\":{}},\"4\":{\"0\":{},\"1\":{}}}\nmimeTypes:{\"0\":{},\"1\":{}}\npdfViewerEnabled:true\nwebkitTemporaryStorage:{}\nwebkitPersistentStorage:{}\nwindowControlsOverlay:{}\nhardwareConcurrency:6\ncookieEnabled:true\nappCodeName:\"Mozilla\"\nappName:\"Netscape\"\nappVersion:\"5.0 (Windows NT 10.0; Win64; x64) AppleWebKit/537.36 (KHTML, like Gecko) Chrome/131.0.0.0 Safari/537.36\"\nplatform:\"Win32\"\nproduct:\"Gecko\"\nuserAgent:\"Mozilla/5.0 (Windows NT 10.0; Win64; x64) AppleWebKit/537.36 (KHTML, like Gecko) Chrome/131.0.0.0 Safari/537.36\"\nlanguage:\"pt-BR\"\nlanguages:[\"pt-BR\",\"pt\",\"en-US\",\"en\"]\nonLine:true\nwebdriver:false\ngetGamepads:undefined\njavaEnabled:undefined\nsendBeacon:undefined\nvibrate:undefined\ndeprecatedRunAdAuctionEnforcesKAnonymity:true\nprotectedAudience:{}\nbluetooth:{}\nstorageBuckets:{}\nclipboard:{}\ncredentials:{}\nkeyboard:{}\nmanaged:{}\nmediaDevices:{}\nstorage:{}\nserviceWorker:{}\nvirtualKeyboard:{}\nwakeLock:{}\ndeviceMemory:8\nuserAgentData:{\"brands\":[{\"brand\":\"Google Chrome\",\"version\":\"131\"},{\"brand\":\"Chromium\",\"version\":\"131\"},{\"brand\":\"Not_A Brand\",\"version\":\"24\"}],\"mobile\":false,\"platform\":\"Windows\"}\nlogin:{}\nink:{}\nmediaCapabilities:{}\nhid:{}\nlocks:{}\ngpu:{}\nmediaSession:{}\npermissions:{}\npresentation:{}\nusb:{}\nxr:{}\nserial:{}\nadAuctionComponents:undefined\nrunAdAuction:undefined\ncanLoadAdAuctionFencedFrame:undefined\ncanShare:undefined\nshare:undefined\nclearAppBadge:undefined\ngetBattery:undefined\ngetUserMedia:undefined\nrequestMIDIAccess:undefined\nrequestMediaKeySystemAccess:undefined\nsetAppBadge:undefined\nwebkitGetUserMedia:undefined\nclearOriginJoinedAdInterestGroups:undefined\ncreateAuctionNonce:undefined\njoinAdInterestGroup:undefined\nleaveAdInterestGroup:undefined\nupdateAdInterestGroups:undefined\ndeprecatedReplaceInURN:undefined\ndeprecatedURNToURL:undefined\ngetInstalledRelatedApps:undefined\ngetInterestGroupAdAuctionData:undefined\nregisterProtocolHandler:undefined\nunregisterProtocolHandler:undefined\n"
      }
    ],
    [
      {
        "apiError": "",
        "message": "AppComponent:ngOnInit - Teste log",
        "logLevel": "INFO",
        "dateTime": "2024-12-20T16:55:09.141Z",
        "hostname": "localhost",
        "href": "http%3A%2F%2Flocalhost%3A4200%2Fcontracts",
        "navigatorInfo": "undefinedvendorSub:\"\"\nproductSub:\"20030107\"\nvendor:\"Google Inc.\"\nmaxTouchPoints:0\nscheduling:{}\nuserActivation:{}\ndoNotTrack:null\ngeolocation:{}\nconnection:{}\nplugins:{\"0\":{\"0\":{},\"1\":{}},\"1\":{\"0\":{},\"1\":{}},\"2\":{\"0\":{},\"1\":{}},\"3\":{\"0\":{},\"1\":{}},\"4\":{\"0\":{},\"1\":{}}}\nmimeTypes:{\"0\":{},\"1\":{}}\npdfViewerEnabled:true\nwebkitTemporaryStorage:{}\nwebkitPersistentStorage:{}\nwindowControlsOverlay:{}\nhardwareConcurrency:6\ncookieEnabled:true\nappCodeName:\"Mozilla\"\nappName:\"Netscape\"\nappVersion:\"5.0 (Windows NT 10.0; Win64; x64) AppleWebKit/537.36 (KHTML, like Gecko) Chrome/131.0.0.0 Safari/537.36\"\nplatform:\"Win32\"\nproduct:\"Gecko\"\nuserAgent:\"Mozilla/5.0 (Windows NT 10.0; Win64; x64) AppleWebKit/537.36 (KHTML, like Gecko) Chrome/131.0.0.0 Safari/537.36\"\nlanguage:\"pt-BR\"\nlanguages:[\"pt-BR\",\"pt\",\"en-US\",\"en\"]\nonLine:true\nwebdriver:false\ngetGamepads:undefined\njavaEnabled:undefined\nsendBeacon:undefined\nvibrate:undefined\ndeprecatedRunAdAuctionEnforcesKAnonymity:true\nprotectedAudience:{}\nbluetooth:{}\nstorageBuckets:{}\nclipboard:{}\ncredentials:{}\nkeyboard:{}\nmanaged:{}\nmediaDevices:{}\nstorage:{}\nserviceWorker:{}\nvirtualKeyboard:{}\nwakeLock:{}\ndeviceMemory:8\nuserAgentData:{\"brands\":[{\"brand\":\"Google Chrome\",\"version\":\"131\"},{\"brand\":\"Chromium\",\"version\":\"131\"},{\"brand\":\"Not_A Brand\",\"version\":\"24\"}],\"mobile\":false,\"platform\":\"Windows\"}\nlogin:{}\nink:{}\nmediaCapabilities:{}\nhid:{}\nlocks:{}\ngpu:{}\nmediaSession:{}\npermissions:{}\npresentation:{}\nusb:{}\nxr:{}\nserial:{}\nadAuctionComponents:undefined\nrunAdAuction:undefined\ncanLoadAdAuctionFencedFrame:undefined\ncanShare:undefined\nshare:undefined\nclearAppBadge:undefined\ngetBattery:undefined\ngetUserMedia:undefined\nrequestMIDIAccess:undefined\nrequestMediaKeySystemAccess:undefined\nsetAppBadge:undefined\nwebkitGetUserMedia:undefined\nclearOriginJoinedAdInterestGroups:undefined\ncreateAuctionNonce:undefined\njoinAdInterestGroup:undefined\nleaveAdInterestGroup:undefined\nupdateAdInterestGroups:undefined\ndeprecatedReplaceInURN:undefined\ndeprecatedURNToURL:undefined\ngetInstalledRelatedApps:undefined\ngetInterestGroupAdAuctionData:undefined\nregisterProtocolHandler:undefined\nunregisterProtocolHandler:undefined\n"
      }
    ],
    [
      {
        "apiError": "",
        "message": "AppComponent:ngOnInit - Teste log",
        "logLevel": "INFO",
        "dateTime": "2024-12-20T16:55:23.593Z",
        "hostname": "localhost",
        "href": "http%3A%2F%2Flocalhost%3A4200%2Fcontracts",
        "navigatorInfo": "undefinedvendorSub:\"\"\nproductSub:\"20030107\"\nvendor:\"Google Inc.\"\nmaxTouchPoints:0\nscheduling:{}\nuserActivation:{}\ndoNotTrack:null\ngeolocation:{}\nconnection:{}\nplugins:{\"0\":{\"0\":{},\"1\":{}},\"1\":{\"0\":{},\"1\":{}},\"2\":{\"0\":{},\"1\":{}},\"3\":{\"0\":{},\"1\":{}},\"4\":{\"0\":{},\"1\":{}}}\nmimeTypes:{\"0\":{},\"1\":{}}\npdfViewerEnabled:true\nwebkitTemporaryStorage:{}\nwebkitPersistentStorage:{}\nwindowControlsOverlay:{}\nhardwareConcurrency:6\ncookieEnabled:true\nappCodeName:\"Mozilla\"\nappName:\"Netscape\"\nappVersion:\"5.0 (Windows NT 10.0; Win64; x64) AppleWebKit/537.36 (KHTML, like Gecko) Chrome/131.0.0.0 Safari/537.36\"\nplatform:\"Win32\"\nproduct:\"Gecko\"\nuserAgent:\"Mozilla/5.0 (Windows NT 10.0; Win64; x64) AppleWebKit/537.36 (KHTML, like Gecko) Chrome/131.0.0.0 Safari/537.36\"\nlanguage:\"pt-BR\"\nlanguages:[\"pt-BR\",\"pt\",\"en-US\",\"en\"]\nonLine:true\nwebdriver:false\ngetGamepads:undefined\njavaEnabled:undefined\nsendBeacon:undefined\nvibrate:undefined\ndeprecatedRunAdAuctionEnforcesKAnonymity:true\nprotectedAudience:{}\nbluetooth:{}\nstorageBuckets:{}\nclipboard:{}\ncredentials:{}\nkeyboard:{}\nmanaged:{}\nmediaDevices:{}\nstorage:{}\nserviceWorker:{}\nvirtualKeyboard:{}\nwakeLock:{}\ndeviceMemory:8\nuserAgentData:{\"brands\":[{\"brand\":\"Google Chrome\",\"version\":\"131\"},{\"brand\":\"Chromium\",\"version\":\"131\"},{\"brand\":\"Not_A Brand\",\"version\":\"24\"}],\"mobile\":false,\"platform\":\"Windows\"}\nlogin:{}\nink:{}\nmediaCapabilities:{}\nhid:{}\nlocks:{}\ngpu:{}\nmediaSession:{}\npermissions:{}\npresentation:{}\nusb:{}\nxr:{}\nserial:{}\nadAuctionComponents:undefined\nrunAdAuction:undefined\ncanLoadAdAuctionFencedFrame:undefined\ncanShare:undefined\nshare:undefined\nclearAppBadge:undefined\ngetBattery:undefined\ngetUserMedia:undefined\nrequestMIDIAccess:undefined\nrequestMediaKeySystemAccess:undefined\nsetAppBadge:undefined\nwebkitGetUserMedia:undefined\nclearOriginJoinedAdInterestGroups:undefined\ncreateAuctionNonce:undefined\njoinAdInterestGroup:undefined\nleaveAdInterestGroup:undefined\nupdateAdInterestGroups:undefined\ndeprecatedReplaceInURN:undefined\ndeprecatedURNToURL:undefined\ngetInstalledRelatedApps:undefined\ngetInterestGroupAdAuctionData:undefined\nregisterProtocolHandler:undefined\nunregisterProtocolHandler:undefined\n"
      }
    ],
    [
      {
        "apiError": "",
        "message": "AppComponent:ngOnInit - Teste log",
        "logLevel": "INFO",
        "dateTime": "2024-12-20T16:55:41.658Z",
        "hostname": "localhost",
        "href": "http%3A%2F%2Flocalhost%3A4200%2Fcontracts",
        "navigatorInfo": "undefinedvendorSub:\"\"\nproductSub:\"20030107\"\nvendor:\"Google Inc.\"\nmaxTouchPoints:0\nscheduling:{}\nuserActivation:{}\ndoNotTrack:null\ngeolocation:{}\nconnection:{}\nplugins:{\"0\":{\"0\":{},\"1\":{}},\"1\":{\"0\":{},\"1\":{}},\"2\":{\"0\":{},\"1\":{}},\"3\":{\"0\":{},\"1\":{}},\"4\":{\"0\":{},\"1\":{}}}\nmimeTypes:{\"0\":{},\"1\":{}}\npdfViewerEnabled:true\nwebkitTemporaryStorage:{}\nwebkitPersistentStorage:{}\nwindowControlsOverlay:{}\nhardwareConcurrency:6\ncookieEnabled:true\nappCodeName:\"Mozilla\"\nappName:\"Netscape\"\nappVersion:\"5.0 (Windows NT 10.0; Win64; x64) AppleWebKit/537.36 (KHTML, like Gecko) Chrome/131.0.0.0 Safari/537.36\"\nplatform:\"Win32\"\nproduct:\"Gecko\"\nuserAgent:\"Mozilla/5.0 (Windows NT 10.0; Win64; x64) AppleWebKit/537.36 (KHTML, like Gecko) Chrome/131.0.0.0 Safari/537.36\"\nlanguage:\"pt-BR\"\nlanguages:[\"pt-BR\",\"pt\",\"en-US\",\"en\"]\nonLine:true\nwebdriver:false\ngetGamepads:undefined\njavaEnabled:undefined\nsendBeacon:undefined\nvibrate:undefined\ndeprecatedRunAdAuctionEnforcesKAnonymity:true\nprotectedAudience:{}\nbluetooth:{}\nstorageBuckets:{}\nclipboard:{}\ncredentials:{}\nkeyboard:{}\nmanaged:{}\nmediaDevices:{}\nstorage:{}\nserviceWorker:{}\nvirtualKeyboard:{}\nwakeLock:{}\ndeviceMemory:8\nuserAgentData:{\"brands\":[{\"brand\":\"Google Chrome\",\"version\":\"131\"},{\"brand\":\"Chromium\",\"version\":\"131\"},{\"brand\":\"Not_A Brand\",\"version\":\"24\"}],\"mobile\":false,\"platform\":\"Windows\"}\nlogin:{}\nink:{}\nmediaCapabilities:{}\nhid:{}\nlocks:{}\ngpu:{}\nmediaSession:{}\npermissions:{}\npresentation:{}\nusb:{}\nxr:{}\nserial:{}\nadAuctionComponents:undefined\nrunAdAuction:undefined\ncanLoadAdAuctionFencedFrame:undefined\ncanShare:undefined\nshare:undefined\nclearAppBadge:undefined\ngetBattery:undefined\ngetUserMedia:undefined\nrequestMIDIAccess:undefined\nrequestMediaKeySystemAccess:undefined\nsetAppBadge:undefined\nwebkitGetUserMedia:undefined\nclearOriginJoinedAdInterestGroups:undefined\ncreateAuctionNonce:undefined\njoinAdInterestGroup:undefined\nleaveAdInterestGroup:undefined\nupdateAdInterestGroups:undefined\ndeprecatedReplaceInURN:undefined\ndeprecatedURNToURL:undefined\ngetInstalledRelatedApps:undefined\ngetInterestGroupAdAuctionData:undefined\nregisterProtocolHandler:undefined\nunregisterProtocolHandler:undefined\n"
      }
    ],
    [
      {
        "apiError": "",
        "message": "AppComponent:ngOnInit - Teste log",
        "logLevel": "INFO",
        "dateTime": "2024-12-20T16:55:55.530Z",
        "hostname": "localhost",
        "href": "http%3A%2F%2Flocalhost%3A4200%2Fcontracts",
        "navigatorInfo": "undefinedvendorSub:\"\"\nproductSub:\"20030107\"\nvendor:\"Google Inc.\"\nmaxTouchPoints:0\nscheduling:{}\nuserActivation:{}\ndoNotTrack:null\ngeolocation:{}\nconnection:{}\nplugins:{\"0\":{\"0\":{},\"1\":{}},\"1\":{\"0\":{},\"1\":{}},\"2\":{\"0\":{},\"1\":{}},\"3\":{\"0\":{},\"1\":{}},\"4\":{\"0\":{},\"1\":{}}}\nmimeTypes:{\"0\":{},\"1\":{}}\npdfViewerEnabled:true\nwebkitTemporaryStorage:{}\nwebkitPersistentStorage:{}\nwindowControlsOverlay:{}\nhardwareConcurrency:6\ncookieEnabled:true\nappCodeName:\"Mozilla\"\nappName:\"Netscape\"\nappVersion:\"5.0 (Windows NT 10.0; Win64; x64) AppleWebKit/537.36 (KHTML, like Gecko) Chrome/131.0.0.0 Safari/537.36\"\nplatform:\"Win32\"\nproduct:\"Gecko\"\nuserAgent:\"Mozilla/5.0 (Windows NT 10.0; Win64; x64) AppleWebKit/537.36 (KHTML, like Gecko) Chrome/131.0.0.0 Safari/537.36\"\nlanguage:\"pt-BR\"\nlanguages:[\"pt-BR\",\"pt\",\"en-US\",\"en\"]\nonLine:true\nwebdriver:false\ngetGamepads:undefined\njavaEnabled:undefined\nsendBeacon:undefined\nvibrate:undefined\ndeprecatedRunAdAuctionEnforcesKAnonymity:true\nprotectedAudience:{}\nbluetooth:{}\nstorageBuckets:{}\nclipboard:{}\ncredentials:{}\nkeyboard:{}\nmanaged:{}\nmediaDevices:{}\nstorage:{}\nserviceWorker:{}\nvirtualKeyboard:{}\nwakeLock:{}\ndeviceMemory:8\nuserAgentData:{\"brands\":[{\"brand\":\"Google Chrome\",\"version\":\"131\"},{\"brand\":\"Chromium\",\"version\":\"131\"},{\"brand\":\"Not_A Brand\",\"version\":\"24\"}],\"mobile\":false,\"platform\":\"Windows\"}\nlogin:{}\nink:{}\nmediaCapabilities:{}\nhid:{}\nlocks:{}\ngpu:{}\nmediaSession:{}\npermissions:{}\npresentation:{}\nusb:{}\nxr:{}\nserial:{}\nadAuctionComponents:undefined\nrunAdAuction:undefined\ncanLoadAdAuctionFencedFrame:undefined\ncanShare:undefined\nshare:undefined\nclearAppBadge:undefined\ngetBattery:undefined\ngetUserMedia:undefined\nrequestMIDIAccess:undefined\nrequestMediaKeySystemAccess:undefined\nsetAppBadge:undefined\nwebkitGetUserMedia:undefined\nclearOriginJoinedAdInterestGroups:undefined\ncreateAuctionNonce:undefined\njoinAdInterestGroup:undefined\nleaveAdInterestGroup:undefined\nupdateAdInterestGroups:undefined\ndeprecatedReplaceInURN:undefined\ndeprecatedURNToURL:undefined\ngetInstalledRelatedApps:undefined\ngetInterestGroupAdAuctionData:undefined\nregisterProtocolHandler:undefined\nunregisterProtocolHandler:undefined\n"
      }
    ],
    [
      {
        "apiError": "",
        "message": "AppComponent:ngOnInit - Teste log",
        "logLevel": "INFO",
        "dateTime": "2024-12-20T17:00:47.899Z",
        "hostname": "localhost",
        "href": "http%3A%2F%2Flocalhost%3A4200%2Fcontracts",
        "navigatorInfo": "undefinedvendorSub:\"\"\nproductSub:\"20030107\"\nvendor:\"Google Inc.\"\nmaxTouchPoints:0\nscheduling:{}\nuserActivation:{}\ndoNotTrack:null\ngeolocation:{}\nconnection:{}\nplugins:{\"0\":{\"0\":{},\"1\":{}},\"1\":{\"0\":{},\"1\":{}},\"2\":{\"0\":{},\"1\":{}},\"3\":{\"0\":{},\"1\":{}},\"4\":{\"0\":{},\"1\":{}}}\nmimeTypes:{\"0\":{},\"1\":{}}\npdfViewerEnabled:true\nwebkitTemporaryStorage:{}\nwebkitPersistentStorage:{}\nwindowControlsOverlay:{}\nhardwareConcurrency:6\ncookieEnabled:true\nappCodeName:\"Mozilla\"\nappName:\"Netscape\"\nappVersion:\"5.0 (Windows NT 10.0; Win64; x64) AppleWebKit/537.36 (KHTML, like Gecko) Chrome/131.0.0.0 Safari/537.36\"\nplatform:\"Win32\"\nproduct:\"Gecko\"\nuserAgent:\"Mozilla/5.0 (Windows NT 10.0; Win64; x64) AppleWebKit/537.36 (KHTML, like Gecko) Chrome/131.0.0.0 Safari/537.36\"\nlanguage:\"pt-BR\"\nlanguages:[\"pt-BR\",\"pt\",\"en-US\",\"en\"]\nonLine:true\nwebdriver:false\ngetGamepads:undefined\njavaEnabled:undefined\nsendBeacon:undefined\nvibrate:undefined\ndeprecatedRunAdAuctionEnforcesKAnonymity:true\nprotectedAudience:{}\nbluetooth:{}\nstorageBuckets:{}\nclipboard:{}\ncredentials:{}\nkeyboard:{}\nmanaged:{}\nmediaDevices:{}\nstorage:{}\nserviceWorker:{}\nvirtualKeyboard:{}\nwakeLock:{}\ndeviceMemory:8\nuserAgentData:{\"brands\":[{\"brand\":\"Google Chrome\",\"version\":\"131\"},{\"brand\":\"Chromium\",\"version\":\"131\"},{\"brand\":\"Not_A Brand\",\"version\":\"24\"}],\"mobile\":false,\"platform\":\"Windows\"}\nlogin:{}\nink:{}\nmediaCapabilities:{}\nhid:{}\nlocks:{}\ngpu:{}\nmediaSession:{}\npermissions:{}\npresentation:{}\nusb:{}\nxr:{}\nserial:{}\nadAuctionComponents:undefined\nrunAdAuction:undefined\ncanLoadAdAuctionFencedFrame:undefined\ncanShare:undefined\nshare:undefined\nclearAppBadge:undefined\ngetBattery:undefined\ngetUserMedia:undefined\nrequestMIDIAccess:undefined\nrequestMediaKeySystemAccess:undefined\nsetAppBadge:undefined\nwebkitGetUserMedia:undefined\nclearOriginJoinedAdInterestGroups:undefined\ncreateAuctionNonce:undefined\njoinAdInterestGroup:undefined\nleaveAdInterestGroup:undefined\nupdateAdInterestGroups:undefined\ndeprecatedReplaceInURN:undefined\ndeprecatedURNToURL:undefined\ngetInstalledRelatedApps:undefined\ngetInterestGroupAdAuctionData:undefined\nregisterProtocolHandler:undefined\nunregisterProtocolHandler:undefined\n"
      }
    ]
  ]
}