{
  "index": "/index.html",
  "assetGroups": [
    {
      "name": "app",
      "installMode": "prefetch",
      "resources": {
        "files": [
          "/favicon.ico",
          "index.html",
          "/*.css",
          "/*.js",
          "/*.woff",
          "/*.woff2",
          "/*.ttf",
          "/*.eot",
          "/*.svg"
        ]
      }
    },
    {
      "name": "assets",
      "installMode": "lazy",
      "updateMode": "prefetch",
      "resources": {
        "files": ["/assets/**"]
      }
    }
  ]
}
