{
    "name": "devcontainer-node-blockchain",
    "image": "mcr.microsoft.com/devcontainers/typescript-node:bullseye",
    "customizations": {
      "vscode": {
        "extensions": [
          "dbaeumer.vscode-eslint",
          "nomicfoundation.hardhat-solidity",
          "esbenp.prettier-vscode",
          "yzhang.markdown-all-in-one",
          "trabpukcip.vscode-npm-scripts",
          "Angular.ng-template",
          "codeandstuff.package-json-upgrade"
        ]
      }
    },
    "containerEnv": {
      "HTTP_PROXY": "${localEnv:http_proxy}",
      "HTTPS_PROXY": "${localEnv:http_proxy}",
      "http_proxy": "${localEnv:http_proxy}",
      "https_proxy": "${localEnv:https_proxy}",
      "NO_PROXY": "${localEnv:no_proxy}",
      "no_proxy": "${localEnv:no_proxy}"
    },
    "secrets": {},
    "runArgs": ["--network=host"],
    "forwardPorts": [3000]
  }